Kanji,Plain,Plain negative,Past plain,Past plain negative,Present polite,Present polite negative,Past polite,Past polite negative,Potential,Potential negative,Te,Te negative,Imperative,Imperative negative,Volitional,Volitional negative,Ba,Ba negative,Causative,Causative negative,Chau,Chau negative,Chimau,Chimau negative,I,I negative,Nasai imperative,Nasai imperative negative,Passive,Passive negative,Tara,Tara negative,Frequency ranking,Lexeme,Standard Reading (in Hiragana)
する,する,しない,した,しなかった,します,しません,しました,しません でした,できる,,して,しないで,しろ,する な,しよう,,すれば,しなければ,させる,させない,しちゃう,,しちまう,,し,,しなさい,,される,,したら,しなかったら,10.0,為る,する
いる,いる,いらない,いった,いらなかった,いります,いりません,いりました,いりません でした,いれる,いれない,いって,いらないで,いれ,いる な,いろう,,いれば,いらなければ,いらせる,いらせない,いっちゃう,,いっちまう,,いり,,いりなさい,,いられる,いられない,いったら,いらなかったら,13.0,居る,いる
ある,ある,ない,あった,なかった,あります,ありません,ありました,ありません でした,あれる,あれない,あって,ないで,あれ,ある な,あろう,,あれば,なければ,あらせる,あらせない,あっちゃう,,あっちまう,,あり,,ありなさい,,あられる,あられない,あったら,なかったら,14.0,有る,ある
いう,いう,いわない,いった,いわなかった,いいます,いいません,いいました,いいません でした,いえる,いえない,いって,いわないで,いえ,いう な,いおう,,いえば,いわなければ,いわせる,いわせない,いっちゃう,,いっちまう,,いい,,いいなさい,,いわれる,いわれない,いったら,いわなかったら,17.0,言う,いう
なる,なる,ならない,なった,ならなかった,なります,なりません,なりました,なりません でした,なれる,なれない,なって,ならないで,なれ,なる な,なろう,,なれば,ならなければ,ならせる,ならせない,なっちゃう,,なっちまう,,なり,,なりなさい,,なられる,なられない,なったら,ならなかったら,23.0,成る,なる
来る,きたる,きたらない,きたった,きたらなかった,きたります,きたりません,きたりました,きたりません でした,きたれる,きたれない,きたって,きたらないで,きたれ,きたる な,きたろう,,きたれば,きたらなければ,きたらせる,きたらせない,きたっちゃう,,きたっちまう,,きたり,,きたりなさい,,きたられる,きたられない,きたったら,きたらなかったら,38.0,来る,くる
思う,おもう,おもわない,おもった,おもわなかった,おもいます,おもいません,おもいました,おもいません でした,おもえる,おもえない,おもって,おもわないで,おもえ,おもう な,おもおう,,おもえば,おもわなければ,おもわせる,おもわせない,おもっちゃう,,おもっちまう,,おもい,,おもいなさい,,おもわれる,おもわれない,おもったら,おもわなかったら,39.0,思う,おもう
いく,いく,いかない,いった,いかなかった,いきます,いきません,いきました,いきません でした,いける,いけない,いって,いかないで,いけ,いく な,いこう,,いけば,いかなければ,いかせる,いかせない,いっちゃう,,いっちまう,,いき,,いきなさい,,いかれる,いかれない,いったら,いかなかったら,41.0,行く,いく
見る,みる,みない,みた,みなかった,みます,みません,みました,みません でした,みられる,みられない,みて,みないで,みよ,みる な,みよう,,みれば,みなければ,みさせる,みさせない,みちゃう,,みちまう,,み,,みなさい,,みられる,みられない,みたら,みなかったら,44.0,見る,みる
できる,できる,できない,できた,できなかった,できます,できません,できました,できません でした,できられる,できられない,できて,できないで,できよ,できる な,できよう,,できれば,できなければ,できさせる,できさせない,できちゃう,,できちまう,,でき,,できなさい,,できられる,できられない,できたら,できなかったら,46.0,出来る,できる
よる,よる,よらない,よった,よらなかった,よります,よりません,よりました,よりません でした,よれる,よれない,よって,よらないで,よれ,よる な,よろう,,よれば,よらなければ,よらせる,よらせない,よっちゃう,,よっちまう,,より,,よりなさい,,よられる,よられない,よったら,よらなかったら,64.0,拠る,よる
しまう,しまう,しまわない,しまった,しまわなかった,しまいます,しまいません,しまいました,しまいません でした,しまえる,しまえない,しまって,しまわないで,しまえ,しまう な,しまおう,,しまえば,しまわなければ,しまわせる,しまわせない,しまっちゃう,,しまっちまう,,しまい,,しまいなさい,,しまわれる,しまわれない,しまったら,しまわなかったら,79.0,仕舞う,しまう
わかる,わかる,わからない,わかった,わからなかった,わかります,わかりません,わかりました,わかりません でした,わかれる,わかれない,わかって,わからないで,わかれ,わかる な,わかろう,,わかれば,わからなければ,わからせる,わからせない,わかっちゃう,,わかっちまう,,わかり,,わかりなさい,,わかられる,わかられない,わかったら,わからなかったら,84.0,分かる,わかる
持つ,もつ,もたない,もった,もたなかった,もちます,もちません,もちました,もちません でした,もてる,もてない,もって,もたないで,もて,もつ な,もとう,,もてば,もたなければ,もたせる,もたせない,もっちゃう,,もっちまう,,もち,,もちなさい,,もたれる,もたれない,もったら,もたなかったら,85.0,持つ,もつ
考える,かんがえる,かんがえない,かんがえた,かんがえなかった,かんがえます,かんがえません,かんがえました,かんがえません でした,かんがえられる,かんがえられない,かんがえて,かんがえないで,かんがえよ,かんがえる な,かんがえよう,,かんがえれば,かんがえなければ,かんがえさせる,かんがえさせない,かんがえちゃう,,かんがえちまう,,かんがえ,,かんがえなさい,,かんがえられる,かんがえられない,かんがえたら,かんがえなかったら,86.0,考える,かんがえる
やる,やる,やらない,やった,やらなかった,やります,やりません,やりました,やりません でした,やれる,やれない,やって,やらないで,やれ,やる な,やろう,,やれば,やらなければ,やらせる,やらせない,やっちゃう,,やっちまう,,やり,,やりなさい,,やられる,やられない,やったら,やらなかったら,91.0,遣る,やる
出る,でる,でない,でた,でなかった,でます,でません,でました,でません でした,でられる,でられない,でて,でないで,でよ,でる な,でよう,,でれば,でなければ,でさせる,でさせない,でちゃう,,でちまう,,で,,でなさい,,でられる,でられない,でたら,でなかったら,94.0,出る,でる
つく,つく,つかない,ついた,つかなかった,つきます,つきません,つきました,つきません でした,つける,つけない,ついて,つかないで,つけ,つく な,つこう,,つけば,つかなければ,つかせる,つかせない,ついちゃう,,ついちまう,,つき,,つきなさい,,つかれる,つかれない,ついたら,つかなかったら,97.0,就く,つく
とる,とる,とらない,とった,とらなかった,とります,とりません,とりました,とりません でした,とれる,とれない,とって,とらないで,とれ,とる な,とろう,,とれば,とらなければ,とらせる,とらせない,とっちゃう,,とっちまう,,とり,,とりなさい,,とられる,とられない,とったら,とらなかったら,106.0,取る,とる
聞く,きく,きかない,きいた,きかなかった,ききます,ききません,ききました,ききません でした,きける,きけない,きいて,きかないで,きけ,きく な,きこう,,きけば,きかなければ,きかせる,きかせない,きいちゃう,,きいちまう,,きき,,ききなさい,,きかれる,きかれない,きいたら,きかなかったら,107.0,聞く,きく
知る,しる,しらない,しった,しらなかった,しります,しりません,しりました,しりません でした,しれる,しれない,しって,しらないで,しれ,しる な,しろう,,しれば,しらなければ,しらせる,しらせない,しっちゃう,,しっちまう,,しり,,しりなさい,,しられる,しられない,しったら,しらなかったら,,,
くれる,くれる,くれない,くれた,くれなかった,くれます,くれません,くれました,くれません でした,くれられる,くれられない,くれて,くれないで,くれよ,くれる な,くれよう,,くれれば,くれなければ,くれさせる,くれさせない,くれちゃう,,くれちまう,,くれ,,くれなさい,,くれられる,くれられない,くれたら,くれなかったら,113.0,知る,しる
入る,はいる,はいらない,はいった,はいらなかった,はいります,はいりません,はいりました,はいりません でした,はいれる,はいれない,はいって,はいらないで,はいれ,はいる な,はいろう,,はいれば,はいらなければ,はいらせる,はいらせない,はいっちゃう,,はいっちまう,,はいり,,はいりなさい,,はいられる,はいられない,はいったら,はいらなかったら,116.0,呉れる,くれる
使う,つかう,つかわない,つかった,つかわなかった,つかいます,つかいません,つかいました,つかいません でした,つかえる,つかえない,つかって,つかわないで,つかえ,つかう な,つかおう,,つかえば,つかわなければ,つかわせる,つかわせない,つかっちゃう,,つかっちまう,,つかい,,つかいなさい,,つかわれる,つかわれない,つかったら,つかわなかったら,120.0,入る,はいる
おく,おく,おかない,おいた,おかなかった,おきます,おきません,おきました,おきません でした,おける,おけない,おいて,おかないで,おけ,おく な,おこう,,おけば,おかなければ,おかせる,おかせない,おいちゃう,,おいちまう,,おき,,おきなさい,,おかれる,おかれない,おいたら,おかなかったら,,,
出す,だす,ださない,だした,ださなかった,だします,だしません,だしました,だしません でした,だせる,だせない,だして,ださないで,だせ,だす な,だそう,,だせば,ださなければ,ださせる,ださせない,だしちゃう,,だしちまう,,だし,,だしなさい,,だされる,だされない,だしたら,ださなかったら,122.0,使う,つかう
つくる,つくる,つくらない,つくった,つくらなかった,つくります,つくりません,つくりました,つくりません でした,つくれる,つくれない,つくって,つくらないで,つくれ,つくる な,つくろう,,つくれば,つくらなければ,つくらせる,つくらせない,つくっちゃう,,つくっちまう,,つくり,,つくりなさい,,つくられる,つくられない,つくったら,つくらなかったら,,,
行う,おこなう,おこなわない,おこなった,おこなわなかった,おこないます,おこないません,おこないました,おこないません でした,おこなえる,おこなえない,おこなって,おこなわないで,おこなえ,おこなう な,おこなおう,,おこなえば,おこなわなければ,おこなわせる,おこなわせない,おこなっちゃう,,おこなっちまう,,おこない,,おこないなさい,,おこなわれる,おこなわれない,おこなったら,おこなわなかったら,142.0,於く,おく
知れる,しれる,しれない,しれた,しれなかった,しれます,しれません,しれました,しれません でした,しれられる,しれられない,しれて,しれないで,しれよ,しれる な,しれよう,,しれれば,しれなければ,しれさせる,しれさせない,しれちゃう,,しれちまう,,しれ,,しれなさい,,しれられる,しれられない,しれたら,しれなかったら,143.0,出す,だす
書く,かく,かかない,かいた,かかなかった,かきます,かきません,かきました,かきません でした,かける,かけない,かいて,かかないで,かけ,かく な,かこう,,かけば,かかなければ,かかせる,かかせない,かいちゃう,,かいちまう,,かき,,かきなさい,,かかれる,かかれない,かいたら,かかなかったら,153.0,作る,つくる
つける,つける,つけない,つけた,つけなかった,つけます,つけません,つけました,つけません でした,つけられる,つけられない,つけて,つけないで,つけよ,つける な,つけよう,,つければ,つけなければ,つけさせる,つけさせない,つけちゃう,,つけちまう,,つけ,,つけなさい,,つけられる,つけられない,つけたら,つけなかったら,159.0,行う,おこなう
もらう,もらう,もらわない,もらった,もらわなかった,もらいます,もらいません,もらいました,もらいません でした,もらえる,もらえない,もらって,もらわないで,もらえ,もらう な,もらおう,,もらえば,もらわなければ,もらわせる,もらわせない,もらっちゃう,,もらっちまう,,もらい,,もらいなさい,,もらわれる,もらわれない,もらったら,もらわなかったら,162.0,知れる,しれる
教える,おしえる,おしえない,おしえた,おしえなかった,おしえます,おしえません,おしえました,おしえません でした,おしえられる,おしえられない,おしえて,おしえないで,おしえよ,おしえる な,おしえよう,,おしえれば,おしえなければ,おしえさせる,おしえさせない,おしえちゃう,,おしえちまう,,おしえ,,おしえなさい,,おしえられる,おしえられない,おしえたら,おしえなかったら,168.0,書く,かく
かける,かける,かけらない,かけった,かけらなかった,かけります,かけりません,かけりました,かけりません でした,かけれる,かけれない,かけって,かけらないで,かけれ,かける な,かけろう,,かければ,かけらなければ,かけらせる,かけらせない,かけっちゃう,,かけっちまう,,かけり,,かけりなさい,,かけられる,かけられない,かけったら,かけらなかったら,169.0,付ける,つける
得る,える,えない,えた,えなかった,えます,えません,えました,えません でした,えられる,えられない,えて,えないで,えよ,える な,えよう,,えれば,えなければ,えさせる,えさせない,えちゃう,,えちまう,,え,,えなさい,,えられる,えられない,えたら,えなかったら,175.0,貰う,もらう
見える,まみえる,まみえない,まみえた,まみえなかった,まみえます,まみえません,まみえました,まみえません でした,まみえられる,まみえられない,まみえて,まみえないで,まみえよ,まみえる な,まみえよう,,まみえれば,まみえなければ,まみえさせる,まみえさせない,まみえちゃう,,まみえちまう,,まみえ,,まみえなさい,,まみえられる,まみえられない,まみえたら,まみえなかったら,176.0,教える,おしえる
入れる,いれる,いれない,いれた,いれなかった,いれます,いれません,いれました,いれません でした,いれられる,いれられない,いれて,いれないで,いれよ,いれる な,いれよう,,いれれば,いれなければ,いれさせる,いれさせない,いれちゃう,,いれちまう,,いれ,,いれなさい,,いれられる,いれられない,いれたら,いれなかったら,178.0,掛ける,かける
受ける,うける,うけない,うけた,うけなかった,うけます,うけません,うけました,うけません でした,うけられる,うけられない,うけて,うけないで,うけよ,うける な,うけよう,,うければ,うけなければ,うけさせる,うけさせない,うけちゃう,,うけちまう,,うけ,,うけなさい,,うけられる,うけられない,うけたら,うけなかったら,183.0,得る,える
つく,つく,つかない,ついた,つかなかった,つきます,つきません,つきました,つきません でした,つける,つけない,ついて,つかないで,つけ,つく な,つこう,,つけば,つかなければ,つかせる,つかせない,ついちゃう,,ついちまう,,つき,,つきなさい,,つかれる,つかれない,ついたら,つかなかったら,196.0,見える,みえる
違う,たがう,たがわない,たがった,たがわなかった,たがいます,たがいません,たがいました,たがいません でした,たがえる,たがえない,たがって,たがわないで,たがえ,たがう な,たがおう,,たがえば,たがわなければ,たがわせる,たがわせない,たがっちゃう,,たがっちまう,,たがい,,たがいなさい,,たがわれる,たがわれない,たがったら,たがわなかったら,204.0,入れる,いれる
始める,はじめる,はじめない,はじめた,はじめなかった,はじめます,はじめません,はじめました,はじめません でした,はじめられる,はじめられない,はじめて,はじめないで,はじめよ,はじめる な,はじめよう,,はじめれば,はじめなければ,はじめさせる,はじめさせない,はじめちゃう,,はじめちまう,,はじめ,,はじめなさい,,はじめられる,はじめられない,はじめたら,はじめなかったら,214.0,受ける,うける
呼ぶ,よぶ,よばない,よんだ,よばなかった,よびます,よびません,よびました,よびません でした,よべる,よべない,よんで,よばないで,よべ,よぶ な,よぼう,,よべば,よばなければ,よばせる,よばせない,よんじゃう,,よんじまう,,よび,,よびなさい,,よばれる,よばれない,よんだら,よばなかったら,224.0,付く,つく
あげる,あげる,あげない,あげた,あげなかった,あげます,あげません,あげました,あげません でした,あげられる,あげられない,あげて,あげないで,あげよ,あげる な,あげよう,,あげれば,あげなければ,あげさせる,あげさせない,あげちゃう,,あげちまう,,あげ,,あげなさい,,あげられる,あげられない,あげたら,あげなかったら,232.0,違う,ちがう
すぎる,すぎる,すぎない,すぎた,すぎなかった,すぎます,すぎません,すぎました,すぎません でした,すぎられる,すぎられない,すぎて,すぎないで,すぎよ,すぎる な,すぎよう,,すぎれば,すぎなければ,すぎさせる,すぎさせない,すぎちゃう,,すぎちまう,,すぎ,,すぎなさい,,すぎられる,すぎられない,すぎたら,すぎなかったら,233.0,始める,はじめる
続ける,つづける,つづけない,つづけた,つづけなかった,つづけます,つづけません,つづけました,つづけません でした,つづけられる,つづけられない,つづけて,つづけないで,つづけよ,つづける な,つづけよう,,つづければ,つづけなければ,つづけさせる,つづけさせない,つづけちゃう,,つづけちまう,,つづけ,,つづけなさい,,つづけられる,つづけられない,つづけたら,つづけなかったら,234.0,呼ぶ,よぶ
食べる,たべる,たべない,たべた,たべなかった,たべます,たべません,たべました,たべません でした,たべられる,たべられない,たべて,たべないで,たべよ,たべる な,たべよう,,たべれば,たべなければ,たべさせる,たべさせない,たべちゃう,,たべちまう,,たべ,,たべなさい,,たべられる,たべられない,たべたら,たべなかったら,236.0,上げる,あげる
かかる,かかる,かからない,かかった,かからなかった,かかります,かかりません,かかりました,かかりません でした,かかれる,かかれない,かかって,かからないで,かかれ,かかる な,かかろう,,かかれば,かからなければ,かからせる,かからせない,かかっちゃう,,かかっちまう,,かかり,,かかりなさい,,かかられる,かかられない,かかったら,かからなかったら,243.0,過ぎる,すぎる
変わる,かわる,かわらない,かわった,かわらなかった,かわります,かわりません,かわりました,かわりません でした,かわれる,かわれない,かわって,かわらないで,かわれ,かわる な,かわろう,,かわれば,かわらなければ,かわらせる,かわらせない,かわっちゃう,,かわっちまう,,かわり,,かわりなさい,,かわられる,かわられない,かわったら,かわらなかったら,,,
読む,よむ,よまない,よんだ,よまなかった,よみます,よみません,よみました,よみません でした,よめる,よめない,よんで,よまないで,よめ,よむ な,よもう,,よめば,よまなければ,よませる,よませない,よんじゃう,,よんじまう,,よみ,,よみなさい,,よまれる,よまれない,よんだら,よまなかったら,257.0,続ける,つづける
買う,かう,かわない,かった,かわなかった,かいます,かいません,かいました,かいません でした,かえる,かえない,かって,かわないで,かえ,かう な,かおう,,かえば,かわなければ,かわせる,かわせない,かっちゃう,,かっちまう,,かい,,かいなさい,,かわれる,かわれない,かったら,かわなかったら,260.0,食べる,たべる
生きる,いきる,いきない,いきた,いきなかった,いきます,いきません,いきました,いきません でした,いきられる,いきられない,いきて,いきないで,いきよ,いきる な,いきよう,,いきれば,いきなければ,いきさせる,いきさせない,いきちゃう,,いきちまう,,いき,,いきなさい,,いきられる,いきられない,いきたら,いきなかったら,279.0,掛かる,かかる
切る,きる,きらない,きった,きらなかった,きります,きりません,きりました,きりません でした,きれる,きれない,きって,きらないで,きれ,きる な,きろう,,きれば,きらなければ,きらせる,きらせない,きっちゃう,,きっちまう,,きり,,きりなさい,,きられる,きられない,きったら,きらなかったら,283.0,変わる,かわる
立つ,たつ,たたない,たった,たたなかった,たちます,たちません,たちました,たちません でした,たてる,たてない,たって,たたないで,たて,たつ な,たとう,,たてば,たたなければ,たたせる,たたせない,たっちゃう,,たっちまう,,たち,,たちなさい,,たたれる,たたれない,たったら,たたなかったら,287.0,読む,よむ
帰る,かえる,かえらない,かえった,かえらなかった,かえります,かえりません,かえりました,かえりません でした,かえれる,かえれない,かえって,かえらないで,かえれ,かえる な,かえろう,,かえれば,かえらなければ,かえらせる,かえらせない,かえっちゃう,,かえっちまう,,かえり,,かえりなさい,,かえられる,かえられない,かえったら,かえらなかったら,291.0,買う,かう
話す,はなす,はなさない,はなした,はなさなかった,はなします,はなしません,はなしました,はなしません でした,はなせる,はなせない,はなして,はなさないで,はなせ,はなす な,はなそう,,はなせば,はなさなければ,はなさせる,はなさせない,はなしちゃう,,はなしちまう,,はなし,,はなしなさい,,はなされる,はなされない,はなしたら,はなさなかったら,296.0,生きる,いきる
飲む,のむ,のまない,のんだ,のまなかった,のみます,のみません,のみました,のみません でした,のめる,のめない,のんで,のまないで,のめ,のむ な,のもう,,のめば,のまなければ,のませる,のませない,のんじゃう,,のんじまう,,のみ,,のみなさい,,のまれる,のまれない,のんだら,のまなかったら,306.0,切る,きる
示す,しめす,しめさない,しめした,しめさなかった,しめします,しめしません,しめしました,しめしません でした,しめせる,しめせない,しめして,しめさないで,しめせ,しめす な,しめそう,,しめせば,しめさなければ,しめさせる,しめさせない,しめしちゃう,,しめしちまう,,しめし,,しめしなさい,,しめされる,しめされない,しめしたら,しめさなかったら,312.0,立つ,たつ
与える,あたえる,あたえない,あたえた,あたえなかった,あたえます,あたえません,あたえました,あたえません でした,あたえられる,あたえられない,あたえて,あたえないで,あたえよ,あたえる な,あたえよう,,あたえれば,あたえなければ,あたえさせる,あたえさせない,あたえちゃう,,あたえちまう,,あたえ,,あたえなさい,,あたえられる,あたえられない,あたえたら,あたえなかったら,323.0,帰る,かえる
いただく,いただく,いただかない,いただいた,いただかなかった,いただきます,いただきません,いただきました,いただきません でした,いただける,いただけない,いただいて,いただかないで,いただけ,いただく な,いただこう,,いただけば,いただかなければ,いただかせる,いただかせない,いただいちゃう,,いただいちまう,,いただき,,いただきなさい,,いただかれる,いただかれない,いただいたら,いただかなかったら,324.0,話す,はなす
戻る,もどる,もどらない,もどった,もどらなかった,もどります,もどりません,もどりました,もどりません でした,もどれる,もどれない,もどって,もどらないで,もどれ,もどる な,もどろう,,もどれば,もどらなければ,もどらせる,もどらせない,もどっちゃう,,もどっちまう,,もどり,,もどりなさい,,もどられる,もどられない,もどったら,もどらなかったら,336.0,飲む,のむ
開く,あく,あかない,あいた,あかなかった,あきます,あきません,あきました,あきません でした,あける,あけない,あいて,あかないで,あけ,あく な,あこう,,あけば,あかなければ,あかせる,あかせない,あいちゃう,,あいちまう,,あき,,あきなさい,,あかれる,あかれない,あいたら,あかなかったら,341.0,示す,しめす
死ぬ,しぬ,しなない,しんだ,しななかった,しにます,しにません,しにました,しにません でした,しねる,しねない,しんで,しなないで,しね,しぬ な,しのう,,しねば,しななければ,しなせる,しなせない,しんじゃう,,しんじまう,,しに,,しになさい,,しなれる,しなれない,しんだら,しななかったら,,,
従う,したがう,したがわない,したがった,したがわなかった,したがいます,したがいません,したがいました,したがいません でした,したがえる,したがえない,したがって,したがわないで,したがえ,したがう な,したがおう,,したがえば,したがわなければ,したがわせる,したがわせない,したがっちゃう,,したがっちまう,,したがい,,したがいなさい,,したがわれる,したがわれない,したがったら,したがわなかったら,347.0,与える,あたえる
やめる,やめる,やめない,やめた,やめなかった,やめます,やめません,やめました,やめません でした,やめられる,やめられない,やめて,やめないで,やめよ,やめる な,やめよう,,やめれば,やめなければ,やめさせる,やめさせない,やめちゃう,,やめちまう,,やめ,,やめなさい,,やめられる,やめられない,やめたら,やめなかったら,364.0,頂く,いただく
願う,ねがう,ねがわない,ねがった,ねがわなかった,ねがいます,ねがいません,ねがいました,ねがいません でした,ねがえる,ねがえない,ねがって,ねがわないで,ねがえ,ねがう な,ねがおう,,ねがえば,ねがわなければ,ねがわせる,ねがわせない,ねがっちゃう,,ねがっちまう,,ねがい,,ねがいなさい,,ねがわれる,ねがわれない,ねがったら,ねがわなかったら,368.0,戻る,もどる
歩く,あるく,あるかない,あるいた,あるかなかった,あるきます,あるきません,あるきました,あるきません でした,あるける,あるけない,あるいて,あるかないで,あるけ,あるく な,あるこう,,あるけば,あるかなければ,あるかせる,あるかせない,あるいちゃう,,あるいちまう,,あるき,,あるきなさい,,あるかれる,あるかれない,あるいたら,あるかなかったら,372.0,開く,ひらく
待つ,まつ,またない,まった,またなかった,まちます,まちません,まちました,まちません でした,まてる,まてない,まって,またないで,まて,まつ な,まとう,,まてば,またなければ,またせる,またせない,まっちゃう,,まっちまう,,まち,,まちなさい,,またれる,またれない,まったら,またなかったら,374.0,死ぬ,しぬ
求める,もとめる,もとめない,もとめた,もとめなかった,もとめます,もとめません,もとめました,もとめません でした,もとめられる,もとめられない,もとめて,もとめないで,もとめよ,もとめる な,もとめよう,,もとめれば,もとめなければ,もとめさせる,もとめさせない,もとめちゃう,,もとめちまう,,もとめ,,もとめなさい,,もとめられる,もとめられない,もとめたら,もとめなかったら,375.0,従う,したがう
認める,みとめる,みとめない,みとめた,みとめなかった,みとめます,みとめません,みとめました,みとめません でした,みとめられる,みとめられない,みとめて,みとめないで,みとめよ,みとめる な,みとめよう,,みとめれば,みとめなければ,みとめさせる,みとめさせない,みとめちゃう,,みとめちまう,,みとめ,,みとめなさい,,みとめられる,みとめられない,みとめたら,みとめなかったら,377.0,止める,やめる
会う,あう,あわない,あった,あわなかった,あいます,あいません,あいました,あいません でした,あえる,あえない,あって,あわないで,あえ,あう な,あおう,,あえば,あわなければ,あわせる,あわせない,あっちゃう,,あっちまう,,あい,,あいなさい,,あわれる,あわれない,あったら,あわなかったら,378.0,願う,ねがう
続く,つづく,つづかない,つづいた,つづかなかった,つづきます,つづきません,つづきました,つづきません でした,つづける,つづけない,つづいて,つづかないで,つづけ,つづく な,つづこう,,つづけば,つづかなければ,つづかせる,つづかせない,つづいちゃう,,つづいちまう,,つづき,,つづきなさい,,つづかれる,つづかれない,つづいたら,つづかなかったら,387.0,歩く,あるく
向かう,むかう,むかわない,むかった,むかわなかった,むかいます,むかいません,むかいました,むかいません でした,むかえる,むかえない,むかって,むかわないで,むかえ,むかう な,むかおう,,むかえば,むかわなければ,むかわせる,むかわせない,むかっちゃう,,むかっちまう,,むかい,,むかいなさい,,むかわれる,むかわれない,むかったら,むかわなかったら,388.0,待つ,まつ
生まれる,うまれる,うまれない,うまれた,うまれなかった,うまれます,うまれません,うまれました,うまれません でした,うまれられる,うまれられない,うまれて,うまれないで,うまれよ,うまれる な,うまれよう,,うまれれば,うまれなければ,うまれさせる,うまれさせない,うまれちゃう,,うまれちまう,,うまれ,,うまれなさい,,うまれられる,うまれられない,うまれたら,うまれなかったら,394.0,求める,もとめる
見せる,みせる,みせない,みせた,みせなかった,みせます,みせません,みせました,みせません でした,みせられる,みせられない,みせて,みせないで,みせよ,みせる な,みせよう,,みせれば,みせなければ,みせさせる,みせさせない,みせちゃう,,みせちまう,,みせ,,みせなさい,,みせられる,みせられない,みせたら,みせなかったら,416.0,認める,みとめる
当たる,あたる,あたらない,あたった,あたらなかった,あたります,あたりません,あたりました,あたりません でした,あたれる,あたれない,あたって,あたらないで,あたれ,あたる な,あたろう,,あたれば,あたらなければ,あたらせる,あたらせない,あたっちゃう,,あたっちまう,,あたり,,あたりなさい,,あたられる,あたられない,あたったら,あたらなかったら,417.0,会う,あう
終わる,おわる,おわらない,おわった,おわらなかった,おわります,おわりません,おわりました,おわりません でした,おわれる,おわれない,おわって,おわらないで,おわれ,おわる な,おわろう,,おわれば,おわらなければ,おわらせる,おわらせない,おわっちゃう,,おわっちまう,,おわり,,おわりなさい,,おわられる,おわられない,おわったら,おわらなかったら,423.0,続く,つづく
乗る,のる,のらない,のった,のらなかった,のります,のりません,のりました,のりません でした,のれる,のれない,のって,のらないで,のれ,のる な,のろう,,のれば,のらなければ,のらせる,のらせない,のっちゃう,,のっちまう,,のり,,のりなさい,,のられる,のられない,のったら,のらなかったら,435.0,向かう,むかう
残る,のこる,のこらない,のこった,のこらなかった,のこります,のこりません,のこりました,のこりません でした,のこれる,のこれない,のこって,のこらないで,のこれ,のこる な,のころう,,のこれば,のこらなければ,のこらせる,のこらせない,のこっちゃう,,のこっちまう,,のこり,,のこりなさい,,のこられる,のこられない,のこったら,のこらなかったら,437.0,生まれる,うまれる
述べる,のべる,のべない,のべた,のべなかった,のべます,のべません,のべました,のべません でした,のべられる,のべられない,のべて,のべないで,のべよ,のべる な,のべよう,,のべれば,のべなければ,のべさせる,のべさせない,のべちゃう,,のべちまう,,のべ,,のべなさい,,のべられる,のべられない,のべたら,のべなかったら,444.0,見せる,みせる
ござる,ござる,ござらない,ござった,ござらなかった,ございます,ございません,ございました,ございません でした,ござれる,ござれない,ござって,ござらないで,ござい,ござる な,ござろう,,ござれば,ござらなければ,ござらせる,ござらせない,ござっちゃう,,ござっちまう,,ござい,,ございなさい,,ござられる,ござられない,ござったら,ござらなかったら,451.0,当たる,あたる
立てる,たてる,たてない,たてた,たてなかった,たてます,たてません,たてました,たてません でした,たてられる,たてられない,たてて,たてないで,たてよ,たてる な,たてよう,,たてれば,たてなければ,たてさせる,たてさせない,たてちゃう,,たてちまう,,たて,,たてなさい,,たてられる,たてられない,たてたら,たてなかったら,452.0,終わる,おわる
答える,こたえる,こたえない,こたえた,こたえなかった,こたえます,こたえません,こたえました,こたえません でした,こたえられる,こたえられない,こたえて,こたえないで,こたえよ,こたえる な,こたえよう,,こたえれば,こたえなければ,こたえさせる,こたえさせない,こたえちゃう,,こたえちまう,,こたえ,,こたえなさい,,こたえられる,こたえられない,こたえたら,こたえなかったら,463.0,乗る,のる
働く,はたらく,はたらかない,はたらいた,はたらかなかった,はたらきます,はたらきません,はたらきました,はたらきません でした,はたらける,はたらけない,はたらいて,はたらかないで,はたらけ,はたらく な,はたらこう,,はたらけば,はたらかなければ,はたらかせる,はたらかせない,はたらいちゃう,,はたらいちまう,,はたらき,,はたらきなさい,,はたらかれる,はたらかれない,はたらいたら,はたらかなかったら,465.0,残る,のこる
送る,おくる,おくらない,おくった,おくらなかった,おくります,おくりません,おくりました,おくりません でした,おくれる,おくれない,おくって,おくらないで,おくれ,おくる な,おくろう,,おくれば,おくらなければ,おくらせる,おくらせない,おくっちゃう,,おくっちまう,,おくり,,おくりなさい,,おくられる,おくられない,おくったら,おくらなかったら,470.0,述べる,のべる
始まる,はじまる,はじまらない,はじまった,はじまらなかった,はじまります,はじまりません,はじまりました,はじまりません でした,はじまれる,はじまれない,はじまって,はじまらないで,はじまれ,はじまる な,はじまろう,,はじまれば,はじまらなければ,はじまらせる,はじまらせない,はじまっちゃう,,はじまっちまう,,はじまり,,はじまりなさい,,はじまられる,はじまられない,はじまったら,はじまらなかったら,489.0,御座る,ござる
含む,ふくむ,ふくまない,ふくんだ,ふくまなかった,ふくみます,ふくみません,ふくみました,ふくみません でした,ふくめる,ふくめない,ふくんで,ふくまないで,ふくめ,ふくむ な,ふくもう,,ふくめば,ふくまなければ,ふくませる,ふくませない,ふくんじゃう,,ふくんじまう,,ふくみ,,ふくみなさい,,ふくまれる,ふくまれない,ふくんだら,ふくまなかったら,491.0,立てる,たてる
起こる,おこる,おこらない,おこった,おこらなかった,おこります,おこりません,おこりました,おこりません でした,おこれる,おこれない,おこって,おこらないで,おこれ,おこる な,おころう,,おこれば,おこらなければ,おこらせる,おこらせない,おこっちゃう,,おこっちまう,,おこり,,おこりなさい,,おこられる,おこられない,おこったら,おこらなかったら,500.0,答える,こたえる
かかわる,かかわる,かかわらない,かかわった,かかわらなかった,かかわります,かかわりません,かかわりました,かかわりません でした,かかわれる,かかわれない,かかわって,かかわらないで,かかわれ,かかわる な,かかわろう,,かかわれば,かかわらなければ,かかわらせる,かかわらせない,かかわっちゃう,,かかわっちまう,,かかわり,,かかわりなさい,,かかわられる,かかわられない,かかわったら,かかわらなかったら,502.0,働く,はたらく
忘れる,わすれる,わすれない,わすれた,わすれなかった,わすれます,わすれません,わすれました,わすれません でした,わすれられる,わすれられない,わすれて,わすれないで,わすれよ,わすれる な,わすれよう,,わすれれば,わすれなければ,わすれさせる,わすれさせない,わすれちゃう,,わすれちまう,,わすれ,,わすれなさい,,わすれられる,わすれられない,わすれたら,わすれなかったら,508.0,送る,おくる
すむ,すむ,すまない,すんだ,すまなかった,すみます,すみません,すみました,すみません でした,すめる,すめない,すんで,すまないで,すめ,すむ な,すもう,,すめば,すまなければ,すませる,すませない,すんじゃう,,すんじまう,,すみ,,すみなさい,,すまれる,すまれない,すんだら,すまなかったら,509.0,始まる,はじまる
笑う,わらう,わらわない,わらった,わらわなかった,わらいます,わらいません,わらいました,わらいません でした,わらえる,わらえない,わらって,わらわないで,わらえ,わらう な,わらおう,,わらえば,わらわなければ,わらわせる,わらわせない,わらっちゃう,,わらっちまう,,わらい,,わらいなさい,,わらわれる,わらわれない,わらったら,わらわなかったら,519.0,含む,ふくむ
なさる,なさる,なさらない,なさった,なさらなかった,なさいます,なさいません,なさいました,なさいません でした,なされる,なされない,なさって,なさらないで,なさい,なさる な,なさろう,,なされば,なさらなければ,なさらせる,なさらせない,なさっちゃう,,なさっちまう,,なさい,,なさいなさい,,なさられる,なさられない,なさったら,なさらなかったら,521.0,起こる,おこる
変える,かえる,かえない,かえた,かえなかった,かえます,かえません,かえました,かえません でした,かえられる,かえられない,かえて,かえないで,かえよ,かえる な,かえよう,,かえれば,かえなければ,かえさせる,かえさせない,かえちゃう,,かえちまう,,かえ,,かえなさい,,かえられる,かえられない,かえたら,かえなかったら,523.0,関わる,かかわる
引く,ひく,ひかない,ひいた,ひかなかった,ひきます,ひきません,ひきました,ひきません でした,ひける,ひけない,ひいて,ひかないで,ひけ,ひく な,ひこう,,ひけば,ひかなければ,ひかせる,ひかせない,ひいちゃう,,ひいちまう,,ひき,,ひきなさい,,ひかれる,ひかれない,ひいたら,ひかなかったら,526.0,忘れる,わすれる
売る,うる,うらない,うった,うらなかった,うります,うりません,うりました,うりません でした,うれる,うれない,うって,うらないで,うれ,うる な,うろう,,うれば,うらなければ,うらせる,うらせない,うっちゃう,,うっちまう,,うり,,うりなさい,,うられる,うられない,うったら,うらなかったら,531.0,済む,すむ
進む,すさむ,すさまない,すさんだ,すさまなかった,すさみます,すさみません,すさみました,すさみません でした,すさめる,すさめない,すさんで,すさまないで,すさめ,すさむ な,すさもう,,すさめば,すさまなければ,すさませる,すさませない,すさんじゃう,,すさんじまう,,すさみ,,すさみなさい,,すさまれる,すさまれない,すさんだら,すさまなかったら,532.0,笑う,わらう
渡る,わたる,わたらない,わたった,わたらなかった,わたります,わたりません,わたりました,わたりません でした,わたれる,わたれない,わたって,わたらないで,わたれ,わたる な,わたろう,,わたれば,わたらなければ,わたらせる,わたらせない,わたっちゃう,,わたっちまう,,わたり,,わたりなさい,,わたられる,わたられない,わたったら,わたらなかったら,537.0,為さる,なさる
選ぶ,えらぶ,えらばない,えらんだ,えらばなかった,えらびます,えらびません,えらびました,えらびません でした,えらべる,えらべない,えらんで,えらばないで,えらべ,えらぶ な,えらぼう,,えらべば,えらばなければ,えらばせる,えらばせない,えらんじゃう,,えらんじまう,,えらび,,えらびなさい,,えらばれる,えらばれない,えらんだら,えらばなかったら,540.0,変える,かえる
走る,はしる,はしらない,はしった,はしらなかった,はしります,はしりません,はしりました,はしりません でした,はしれる,はしれない,はしって,はしらないで,はしれ,はしる な,はしろう,,はしれば,はしらなければ,はしらせる,はしらせない,はしっちゃう,,はしっちまう,,はしり,,はしりなさい,,はしられる,はしられない,はしったら,はしらなかったら,543.0,引く,ひく
現れる,あらわれる,あらわれない,あらわれた,あらわれなかった,あらわれます,あらわれません,あらわれました,あらわれません でした,あらわれられる,あらわれられない,あらわれて,あらわれないで,あらわれよ,あらわれる な,あらわれよう,,あらわれれば,あらわれなければ,あらわれさせる,あらわれさせない,あらわれちゃう,,あらわれちまう,,あらわれ,,あらわれなさい,,あらわれられる,あらわれられない,あらわれたら,あらわれなかったら,549.0,売る,うる
住む,すむ,すまない,すんだ,すまなかった,すみます,すみません,すみました,すみません でした,すめる,すめない,すんで,すまないで,すめ,すむ な,すもう,,すめば,すまなければ,すませる,すませない,すんじゃう,,すんじまう,,すみ,,すみなさい,,すまれる,すまれない,すんだら,すまなかったら,550.0,進む,すすむ
伝える,つたえる,つたえない,つたえた,つたえなかった,つたえます,つたえません,つたえました,つたえません でした,つたえられる,つたえられない,つたえて,つたえないで,つたえよ,つたえる な,つたえよう,,つたえれば,つたえなければ,つたえさせる,つたえさせない,つたえちゃう,,つたえちまう,,つたえ,,つたえなさい,,つたえられる,つたえられない,つたえたら,つたえなかったら,551.0,渡る,わたる
動く,うごく,うごかない,うごいた,うごかなかった,うごきます,うごきません,うごきました,うごきません でした,うごける,うごけない,うごいて,うごかないで,うごけ,うごく な,うごこう,,うごけば,うごかなければ,うごかせる,うごかせない,うごいちゃう,,うごいちまう,,うごき,,うごきなさい,,うごかれる,うごかれない,うごいたら,うごかなかったら,553.0,選ぶ,えらぶ
決める,きめる,きめない,きめた,きめなかった,きめます,きめません,きめました,きめません でした,きめられる,きめられない,きめて,きめないで,きめよ,きめる な,きめよう,,きめれば,きめなければ,きめさせる,きめさせない,きめちゃう,,きめちまう,,きめ,,きめなさい,,きめられる,きめられない,きめたら,きめなかったら,563.0,走る,はしる
勧める,すすめる,すすめない,すすめた,すすめなかった,すすめます,すすめません,すすめました,すすめません でした,すすめられる,すすめられない,すすめて,すすめないで,すすめよ,すすめる な,すすめよう,,すすめれば,すすめなければ,すすめさせる,すすめさせない,すすめちゃう,,すすめちまう,,すすめ,,すすめなさい,,すすめられる,すすめられない,すすめたら,すすめなかったら,567.0,現われる,あらわれる
気づく,きづく,きづかない,きづいた,きづかなかった,きづきます,きづきません,きづきました,きづきません でした,きづける,きづけない,きづいて,きづかないで,きづけ,きづく な,きづこう,,きづけば,きづかなければ,きづかせる,きづかせない,きづいちゃう,,きづいちまう,,きづき,,きづきなさい,,きづかれる,きづかれない,きづいたら,きづかなかったら,570.0,住む,すむ
描く,えがく,えがかない,えがいた,えがかなかった,えがきます,えがきません,えがきました,えがきません でした,えがける,えがけない,えがいて,えがかないで,えがけ,えがく な,えがこう,,えがけば,えがかなければ,えがかせる,えがかせない,えがいちゃう,,えがいちまう,,えがき,,えがきなさい,,えがかれる,えがかれない,えがいたら,えがかなかったら,592.0,伝える,つたえる
覚える,おぼえる,おぼえない,おぼえた,おぼえなかった,おぼえます,おぼえません,おぼえました,おぼえません でした,おぼえられる,おぼえられない,おぼえて,おぼえないで,おぼえよ,おぼえる な,おぼえよう,,おぼえれば,おぼえなければ,おぼえさせる,おぼえさせない,おぼえちゃう,,おぼえちまう,,おぼえ,,おぼえなさい,,おぼえられる,おぼえられない,おぼえたら,おぼえなかったら,593.0,動く,うごく
打つ,ぶつ,ぶたない,ぶった,ぶたなかった,ぶちます,ぶちません,ぶちました,ぶちません でした,ぶてる,ぶてない,ぶって,ぶたないで,ぶて,ぶつ な,ぶとう,,ぶてば,ぶたなければ,ぶたせる,ぶたせない,ぶっちゃう,,ぶっちまう,,ぶち,,ぶちなさい,,ぶたれる,ぶたれない,ぶったら,ぶたなかったら,596.0,決める,きめる
なす,なす,なさない,なした,なさなかった,なします,なしません,なしました,なしません でした,なせる,なせない,なして,なさないで,なせ,なす な,なそう,,なせば,なさなければ,なさせる,なさせない,なしちゃう,,なしちまう,,なし,,なしなさい,,なされる,なされない,なしたら,なさなかったら,605.0,勧める,すすめる
開ける,はだける,はだけない,はだけた,はだけなかった,はだけます,はだけません,はだけました,はだけません でした,はだけられる,はだけられない,はだけて,はだけないで,はだけよ,はだける な,はだけよう,,はだければ,はだけなければ,はだけさせる,はだけさせない,はだけちゃう,,はだけちまう,,はだけ,,はだけなさい,,はだけられる,はだけられない,はだけたら,はだけなかったら,607.0,気付く,きづく
向ける,むける,むけない,むけた,むけなかった,むけます,むけません,むけました,むけません でした,むけられる,むけられない,むけて,むけないで,むけよ,むける な,むけよう,,むければ,むけなければ,むけさせる,むけさせない,むけちゃう,,むけちまう,,むけ,,むけなさい,,むけられる,むけられない,むけたら,むけなかったら,608.0,描く,えがく
殺す,ころす,ころさない,ころした,ころさなかった,ころします,ころしません,ころしました,ころしません でした,ころせる,ころせない,ころして,ころさないで,ころせ,ころす な,ころそう,,ころせば,ころさなければ,ころさせる,ころさせない,ころしちゃう,,ころしちまう,,ころし,,ころしなさい,,ころされる,ころされない,ころしたら,ころさなかったら,617.0,覚える,おぼえる
語る,かたる,かたらない,かたった,かたらなかった,かたります,かたりません,かたりました,かたりません でした,かたれる,かたれない,かたって,かたらないで,かたれ,かたる な,かたろう,,かたれば,かたらなければ,かたらせる,かたらせない,かたっちゃう,,かたっちまう,,かたり,,かたりなさい,,かたられる,かたられない,かたったら,かたらなかったら,622.0,打つ,うつ
合わせる,あわせる,あわせない,あわせた,あわせなかった,あわせます,あわせません,あわせました,あわせません でした,あわせられる,あわせられない,あわせて,あわせないで,あわせよ,あわせる な,あわせよう,,あわせれば,あわせなければ,あわせさせる,あわせさせない,あわせちゃう,,あわせちまう,,あわせ,,あわせなさい,,あわせられる,あわせられない,あわせたら,あわせなかったら,631.0,成す,なす
用いる,もちいる,もちいない,もちいた,もちいなかった,もちいます,もちいません,もちいました,もちいません でした,もちいられる,もちいられない,もちいて,もちいないで,もちいよ,もちいる な,もちいよう,,もちいれば,もちいなければ,もちいさせる,もちいさせない,もちいちゃう,,もちいちまう,,もちい,,もちいなさい,,もちいられる,もちいられない,もちいたら,もちいなかったら,642.0,開ける,あける
連れる,つれる,つれない,つれた,つれなかった,つれます,つれません,つれました,つれません でした,つれられる,つれられない,つれて,つれないで,つれよ,つれる な,つれよう,,つれれば,つれなければ,つれさせる,つれさせない,つれちゃう,,つれちまう,,つれ,,つれなさい,,つれられる,つれられない,つれたら,つれなかったら,648.0,向ける,むける
異なる,ことなる,ことならない,ことなった,ことならなかった,ことなります,ことなりません,ことなりました,ことなりません でした,ことなれる,ことなれない,ことなって,ことならないで,ことなれ,ことなる な,ことなろう,,ことなれば,ことならなければ,ことならせる,ことならせない,ことなっちゃう,,ことなっちまう,,ことなり,,ことなりなさい,,ことなられる,ことなられない,ことなったら,ことならなかったら,650.0,殺す,ころす
離れる,はなれる,はなれない,はなれた,はなれなかった,はなれます,はなれません,はなれました,はなれません でした,はなれられる,はなれられない,はなれて,はなれないで,はなれよ,はなれる な,はなれよう,,はなれれば,はなれなければ,はなれさせる,はなれさせない,はなれちゃう,,はなれちまう,,はなれ,,はなれなさい,,はなれられる,はなれられない,はなれたら,はなれなかったら,653.0,語る,かたる
残す,のこす,のこさない,のこした,のこさなかった,のこします,のこしません,のこしました,のこしません でした,のこせる,のこせない,のこして,のこさないで,のこせ,のこす な,のこそう,,のこせば,のこさなければ,のこさせる,のこさせない,のこしちゃう,,のこしちまう,,のこし,,のこしなさい,,のこされる,のこされない,のこしたら,のこさなかったら,,,
探す,さがす,さがさない,さがした,さがさなかった,さがします,さがしません,さがしました,さがしません でした,さがせる,さがせない,さがして,さがさないで,さがせ,さがす な,さがそう,,さがせば,さがさなければ,さがさせる,さがさせない,さがしちゃう,,さがしちまう,,さがし,,さがしなさい,,さがされる,さがされない,さがしたら,さがさなかったら,662.0,合わせる,あわせる
至る,いたる,いたらない,いたった,いたらなかった,いたります,いたりません,いたりました,いたりません でした,いたれる,いたれない,いたって,いたらないで,いたれ,いたる な,いたろう,,いたれば,いたらなければ,いたらせる,いたらせない,いたっちゃう,,いたっちまう,,いたり,,いたりなさい,,いたられる,いたられない,いたったら,いたらなかったら,669.0,用いる,もちいる
経つ,たつ,たたない,たった,たたなかった,たちます,たちません,たちました,たちません でした,たてる,たてない,たって,たたないで,たて,たつ な,たとう,,たてば,たたなければ,たたせる,たたせない,たっちゃう,,たっちまう,,たち,,たちなさい,,たたれる,たたれない,たったら,たたなかったら,673.0,連れる,つれる
似る,にる,にない,にた,になかった,にます,にません,にました,にません でした,にられる,にられない,にて,にないで,によ,にる な,によう,,にれば,になければ,にさせる,にさせない,にちゃう,,にちまう,,に,,になさい,,にられる,にられない,にたら,になかったら,683.0,異なる,ことなる
守る,まもる,まもらない,まもった,まもらなかった,まもります,まもりません,まもりました,まもりません でした,まもれる,まもれない,まもって,まもらないで,まもれ,まもる な,まもろう,,まもれば,まもらなければ,まもらせる,まもらせない,まもっちゃう,,まもっちまう,,まもり,,まもりなさい,,まもられる,まもられない,まもったら,まもらなかったら,693.0,離れる,はなれる
困る,こまる,こまらない,こまった,こまらなかった,こまります,こまりません,こまりました,こまりません でした,こまれる,こまれない,こまって,こまらないで,こまれ,こまる な,こまろう,,こまれば,こまらなければ,こまらせる,こまらせない,こまっちゃう,,こまっちまう,,こまり,,こまりなさい,,こまられる,こまられない,こまったら,こまらなかったら,698.0,残す,のこす
加える,くわえる,くわえない,くわえた,くわえなかった,くわえます,くわえません,くわえました,くわえません でした,くわえられる,くわえられない,くわえて,くわえないで,くわえよ,くわえる な,くわえよう,,くわえれば,くわえなければ,くわえさせる,くわえさせない,くわえちゃう,,くわえちまう,,くわえ,,くわえなさい,,くわえられる,くわえられない,くわえたら,くわえなかったら,699.0,探す,さがす
調べる,しらべる,しらべない,しらべた,しらべなかった,しらべます,しらべません,しらべました,しらべません でした,しらべられる,しらべられない,しらべて,しらべないで,しらべよ,しらべる な,しらべよう,,しらべれば,しらべなければ,しらべさせる,しらべさせない,しらべちゃう,,しらべちまう,,しらべ,,しらべなさい,,しらべられる,しらべられない,しらべたら,しらべなかったら,700.0,至る,いたる
驚く,おどろく,おどろかない,おどろいた,おどろかなかった,おどろきます,おどろきません,おどろきました,おどろきません でした,おどろける,おどろけない,おどろいて,おどろかないで,おどろけ,おどろく な,おどろこう,,おどろけば,おどろかなければ,おどろかせる,おどろかせない,おどろいちゃう,,おどろいちまう,,おどろき,,おどろきなさい,,おどろかれる,おどろかれない,おどろいたら,おどろかなかったら,702.0,経つ,たつ
失う,うしなう,うしなわない,うしなった,うしなわなかった,うしないます,うしないません,うしないました,うしないません でした,うしなえる,うしなえない,うしなって,うしなわないで,うしなえ,うしなう な,うしなおう,,うしなえば,うしなわなければ,うしなわせる,うしなわせない,うしなっちゃう,,うしなっちまう,,うしない,,うしないなさい,,うしなわれる,うしなわれない,うしなったら,うしなわなかったら,703.0,似る,にる
合う,あう,あわない,あった,あわなかった,あいます,あいません,あいました,あいません でした,あえる,あえない,あって,あわないで,あえ,あう な,あおう,,あえば,あわなければ,あわせる,あわせない,あっちゃう,,あっちまう,,あい,,あいなさい,,あわれる,あわれない,あったら,あわなかったら,712.0,守る,まもる
なくなる,なくなる,なくならない,なくなった,なくならなかった,なくなります,なくなりません,なくなりました,なくなりません でした,なくなれる,なくなれない,なくなって,なくならないで,なくなれ,なくなる な,なくなろう,,なくなれば,なくならなければ,なくならせる,なくならせない,なくなっちゃう,,なくなっちまう,,なくなり,,なくなりなさい,,なくなられる,なくなられない,なくなったら,なくならなかったら,714.0,困る,こまる
増える,ふえる,ふえない,ふえた,ふえなかった,ふえます,ふえません,ふえました,ふえません でした,ふえられる,ふえられない,ふえて,ふえないで,ふえよ,ふえる な,ふえよう,,ふえれば,ふえなければ,ふえさせる,ふえさせない,ふえちゃう,,ふえちまう,,ふえ,,ふえなさい,,ふえられる,ふえられない,ふえたら,ふえなかったら,717.0,加える,くわえる
上がる,あがる,あがらない,あがった,あがらなかった,あがります,あがりません,あがりました,あがりません でした,あがれる,あがれない,あがって,あがらないで,あがれ,あがる な,あがろう,,あがれば,あがらなければ,あがらせる,あがらせない,あがっちゃう,,あがっちまう,,あがり,,あがりなさい,,あがられる,あがられない,あがったら,あがらなかったら,720.0,調べる,しらべる
起きる,おきる,おきない,おきた,おきなかった,おきます,おきません,おきました,おきません でした,おきられる,おきられない,おきて,おきないで,おきよ,おきる な,おきよう,,おきれば,おきなければ,おきさせる,おきさせない,おきちゃう,,おきちまう,,おき,,おきなさい,,おきられる,おきられない,おきたら,おきなかったら,,,
座る,すわる,すわらない,すわった,すわらなかった,すわります,すわりません,すわりました,すわりません でした,すわれる,すわれない,すわって,すわらないで,すわれ,すわる な,すわろう,,すわれば,すわらなければ,すわらせる,すわらせない,すわっちゃう,,すわっちまう,,すわり,,すわりなさい,,すわられる,すわられない,すわったら,すわらなかったら,733.0,驚く,おどろく
聞こえる,きこえる,きこえない,きこえた,きこえなかった,きこえます,きこえません,きこえました,きこえません でした,きこえられる,きこえられない,きこえて,きこえないで,きこえよ,きこえる な,きこえよう,,きこえれば,きこえなければ,きこえさせる,きこえさせない,きこえちゃう,,きこえちまう,,きこえ,,きこえなさい,,きこえられる,きこえられない,きこえたら,きこえなかったら,739.0,失う,うしなう
思い出す,おもいだす,おもいださない,おもいだした,おもいださなかった,おもいだします,おもいだしません,おもいだしました,おもいだしません でした,おもいだせる,おもいだせない,おもいだして,おもいださないで,おもいだせ,おもいだす な,おもいだそう,,おもいだせば,おもいださなければ,おもいださせる,おもいださせない,おもいだしちゃう,,おもいだしちまう,,おもいだし,,おもいだしなさい,,おもいだされる,おもいだされない,おもいだしたら,おもいださなかったら,741.0,合う,あう
許す,ゆるす,ゆるさない,ゆるした,ゆるさなかった,ゆるします,ゆるしません,ゆるしました,ゆるしません でした,ゆるせる,ゆるせない,ゆるして,ゆるさないで,ゆるせ,ゆるす な,ゆるそう,,ゆるせば,ゆるさなければ,ゆるさせる,ゆるさせない,ゆるしちゃう,,ゆるしちまう,,ゆるし,,ゆるしなさい,,ゆるされる,ゆるされない,ゆるしたら,ゆるさなかったら,742.0,無くなる,なくなる
落ちる,おちる,おちない,おちた,おちなかった,おちます,おちません,おちました,おちません でした,おちられる,おちられない,おちて,おちないで,おちよ,おちる な,おちよう,,おちれば,おちなければ,おちさせる,おちさせない,おちちゃう,,おちちまう,,おち,,おちなさい,,おちられる,おちられない,おちたら,おちなかったら,743.0,増える,ふえる
繰り返す,くりかえす,くりかえさない,くりかえした,くりかえさなかった,くりかえします,くりかえしません,くりかえしました,くりかえしません でした,くりかえせる,くりかえせない,くりかえして,くりかえさないで,くりかえせ,くりかえす な,くりかえそう,,くりかえせば,くりかえさなければ,くりかえさせる,くりかえさせない,くりかえしちゃう,,くりかえしちまう,,くりかえし,,くりかえしなさい,,くりかえされる,くりかえされない,くりかえしたら,くりかえさなかったら,751.0,上がる,あがる
回る,みる,みない,みた,みなかった,みます,みません,みました,みません でした,みられる,みられない,みて,みないで,みよ,みる な,みよう,,みれば,みなければ,みさせる,みさせない,みちゃう,,みちまう,,み,,みなさい,,みられる,みられない,みたら,みなかったら,763.0,起きる,おきる
起こす,おこす,おこさない,おこした,おこさなかった,おこします,おこしません,おこしました,おこしません でした,おこせる,おこせない,おこして,おこさないで,おこせ,おこす な,おこそう,,おこせば,おこさなければ,おこさせる,おこさせない,おこしちゃう,,おこしちまう,,おこし,,おこしなさい,,おこされる,おこされない,おこしたら,おこさなかったら,764.0,座る,すわる
決まる,きまる,きまらない,きまった,きまらなかった,きまります,きまりません,きまりました,きまりません でした,きまれる,きまれない,きまって,きまらないで,きまれ,きまる な,きまろう,,きまれば,きまらなければ,きまらせる,きまらせない,きまっちゃう,,きまっちまう,,きまり,,きまりなさい,,きまられる,きまられない,きまったら,きまらなかったら,765.0,聞こえる,きこえる
寝る,ねる,ねない,ねた,ねなかった,ねます,ねません,ねました,ねません でした,ねられる,ねられない,ねて,ねないで,ねよ,ねる な,ねよう,,ねれば,ねなければ,ねさせる,ねさせない,ねちゃう,,ねちまう,,ね,,ねなさい,,ねられる,ねられない,ねたら,ねなかったら,785.0,思い出す,おもいだす
比べる,くらべる,くらべない,くらべた,くらべなかった,くらべます,くらべません,くらべました,くらべません でした,くらべられる,くらべられない,くらべて,くらべないで,くらべよ,くらべる な,くらべよう,,くらべれば,くらべなければ,くらべさせる,くらべさせない,くらべちゃう,,くらべちまう,,くらべ,,くらべなさい,,くらべられる,くらべられない,くらべたら,くらべなかったら,786.0,許す,ゆるす
限る,かぎる,かぎらない,かぎった,かぎらなかった,かぎります,かぎりません,かぎりました,かぎりません でした,かぎれる,かぎれない,かぎって,かぎらないで,かぎれ,かぎる な,かぎろう,,かぎれば,かぎらなければ,かぎらせる,かぎらせない,かぎっちゃう,,かぎっちまう,,かぎり,,かぎりなさい,,かぎられる,かぎられない,かぎったら,かぎらなかったら,789.0,落ちる,おちる
降る,ふる,ふらない,ふった,ふらなかった,ふります,ふりません,ふりました,ふりません でした,ふれる,ふれない,ふって,ふらないで,ふれ,ふる な,ふろう,,ふれば,ふらなければ,ふらせる,ふらせない,ふっちゃう,,ふっちまう,,ふり,,ふりなさい,,ふられる,ふられない,ふったら,ふらなかったら,794.0,繰り返す,くりかえす
表す,ひょうす,ひょうさない,ひょうした,ひょうさなかった,ひょうします,ひょうしません,ひょうしました,ひょうしません でした,ひょうせる,ひょうせない,ひょうして,ひょうさないで,ひょうせ,ひょうす な,ひょうそう,,ひょうせば,ひょうさなければ,ひょうさせる,ひょうさせない,ひょうしちゃう,,ひょうしちまう,,ひょうし,,ひょうしなさい,,ひょうされる,ひょうされない,ひょうしたら,ひょうさなかったら,802.0,回る,まわる
通す,とおす,とおさない,とおした,とおさなかった,とおします,とおしません,とおしました,とおしません でした,とおせる,とおせない,とおして,とおさないで,とおせ,とおす な,とおそう,,とおせば,とおさなければ,とおさせる,とおさせない,とおしちゃう,,とおしちまう,,とおし,,とおしなさい,,とおされる,とおされない,とおしたら,とおさなかったら,803.0,起こす,おこす
いたす,いたす,いたさない,いたした,いたさなかった,いたします,いたしません,いたしました,いたしません でした,いたせる,いたせない,いたして,いたさないで,いたせ,いたす な,いたそう,,いたせば,いたさなければ,いたさせる,いたさせない,いたしちゃう,,いたしちまう,,いたし,,いたしなさい,,いたされる,いたされない,いたしたら,いたさなかったら,,,
基づく,もとづく,もとづかない,もとづいた,もとづかなかった,もとづきます,もとづきません,もとづきました,もとづきません でした,もとづける,もとづけない,もとづいて,もとづかないで,もとづけ,もとづく な,もとづこう,,もとづけば,もとづかなければ,もとづかせる,もとづかせない,もとづいちゃう,,もとづいちまう,,もとづき,,もとづきなさい,,もとづかれる,もとづかれない,もとづいたら,もとづかなかったら,827.0,決まる,きまる
消える,きえる,きえない,きえた,きえなかった,きえます,きえません,きえました,きえません でした,きえられる,きえられない,きえて,きえないで,きえよ,きえる な,きえよう,,きえれば,きえなければ,きえさせる,きえさせない,きえちゃう,,きえちまう,,きえ,,きえなさい,,きえられる,きえられない,きえたら,きえなかったら,828.0,寝る,ねる
尋ねる,たずねる,たずねない,たずねた,たずねなかった,たずねます,たずねません,たずねました,たずねません でした,たずねられる,たずねられない,たずねて,たずねないで,たずねよ,たずねる な,たずねよう,,たずねれば,たずねなければ,たずねさせる,たずねさせない,たずねちゃう,,たずねちまう,,たずね,,たずねなさい,,たずねられる,たずねられない,たずねたら,たずねなかったら,828.0,比べる,くらべる
見つける,みつける,みつけない,みつけた,みつけなかった,みつけます,みつけません,みつけました,みつけません でした,みつけられる,みつけられない,みつけて,みつけないで,みつけよ,みつける な,みつけよう,,みつければ,みつけなければ,みつけさせる,みつけさせない,みつけちゃう,,みつけちまう,,みつけ,,みつけなさい,,みつけられる,みつけられない,みつけたら,みつけなかったら,831.0,限る,かぎる
触れる,ふれる,ふれない,ふれた,ふれなかった,ふれます,ふれません,ふれました,ふれません でした,ふれられる,ふれられない,ふれて,ふれないで,ふれよ,ふれる な,ふれよう,,ふれれば,ふれなければ,ふれさせる,ふれさせない,ふれちゃう,,ふれちまう,,ふれ,,ふれなさい,,ふれられる,ふれられない,ふれたら,ふれなかったら,837.0,振る,ふる
払う,はらう,はらわない,はらった,はらわなかった,はらいます,はらいません,はらいました,はらいません でした,はらえる,はらえない,はらって,はらわないで,はらえ,はらう な,はらおう,,はらえば,はらわなければ,はらわせる,はらわせない,はらっちゃう,,はらっちまう,,はらい,,はらいなさい,,はらわれる,はらわれない,はらったら,はらわなかったら,848.0,表わす,あらわす
遊ぶ,すさぶ,すさばない,すさんだ,すさばなかった,すさびます,すさびません,すさびました,すさびません でした,すさべる,すさべない,すさんで,すさばないで,すさべ,すさぶ な,すさぼう,,すさべば,すさばなければ,すさばせる,すさばせない,すさんじゃう,,すさんじまう,,すさび,,すさびなさい,,すさばれる,すさばれない,すさんだら,すさばなかったら,851.0,通す,とおす
頼む,たのむ,たのまない,たのんだ,たのまなかった,たのみます,たのみません,たのみました,たのみません でした,たのめる,たのめない,たのんで,たのまないで,たのめ,たのむ な,たのもう,,たのめば,たのまなければ,たのませる,たのませない,たのんじゃう,,たのんじまう,,たのみ,,たのみなさい,,たのまれる,たのまれない,たのんだら,たのまなかったら,862.0,致す,いたす
頑張る,がんばる,がんばらない,がんばった,がんばらなかった,がんばります,がんばりません,がんばりました,がんばりません でした,がんばれる,がんばれない,がんばって,がんばらないで,がんばれ,がんばる な,がんばろう,,がんばれば,がんばらなければ,がんばらせる,がんばらせない,がんばっちゃう,,がんばっちまう,,がんばり,,がんばりなさい,,がんばられる,がんばられない,がんばったら,がんばらなかったら,865.0,基づく,もとづく
抱く,いだく,いだかない,いだいた,いだかなかった,いだきます,いだきません,いだきました,いだきません でした,いだける,いだけない,いだいて,いだかないで,いだけ,いだく な,いだこう,,いだけば,いだかなければ,いだかせる,いだかせない,いだいちゃう,,いだいちまう,,いだき,,いだきなさい,,いだかれる,いだかれない,いだいたら,いだかなかったら,870.0,消える,きえる
楽しむ,たのしむ,たのしまない,たのしんだ,たのしまなかった,たのしみます,たのしみません,たのしみました,たのしみません でした,たのしめる,たのしめない,たのしんで,たのしまないで,たのしめ,たのしむ な,たのしもう,,たのしめば,たのしまなければ,たのしませる,たのしませない,たのしんじゃう,,たのしんじまう,,たのしみ,,たのしみなさい,,たのしまれる,たのしまれない,たのしんだら,たのしまなかったら,876.0,尋ねる,たずねる
流れる,ながれる,ながれない,ながれた,ながれなかった,ながれます,ながれません,ながれました,ながれません でした,ながれられる,ながれられない,ながれて,ながれないで,ながれよ,ながれる な,ながれよう,,ながれれば,ながれなければ,ながれさせる,ながれさせない,ながれちゃう,,ながれちまう,,ながれ,,ながれなさい,,ながれられる,ながれられない,ながれたら,ながれなかったら,894.0,見付ける,みつける
捨てる,すてる,すてない,すてた,すてなかった,すてます,すてません,すてました,すてません でした,すてられる,すてられない,すてて,すてないで,すてよ,すてる な,すてよう,,すてれば,すてなければ,すてさせる,すてさせない,すてちゃう,,すてちまう,,すて,,すてなさい,,すてられる,すてられない,すてたら,すてなかったら,897.0,触れる,ふれる
着る,きる,きない,きた,きなかった,きます,きません,きました,きません でした,きられる,きられない,きて,きないで,きよ,きる な,きよう,,きれば,きなければ,きさせる,きさせない,きちゃう,,きちまう,,き,,きなさい,,きられる,きられない,きたら,きなかったら,911.0,払う,はらう
迎える,むかえる,むかえない,むかえた,むかえなかった,むかえます,むかえません,むかえました,むかえません でした,むかえられる,むかえられない,むかえて,むかえないで,むかえよ,むかえる な,むかえよう,,むかえれば,むかえなければ,むかえさせる,むかえさせない,むかえちゃう,,むかえちまう,,むかえ,,むかえなさい,,むかえられる,むかえられない,むかえたら,むかえなかったら,912.0,遊ぶ,あそぶ
とれる,とれる,とれない,とれた,とれなかった,とれます,とれません,とれました,とれません でした,とれられる,とれられない,とれて,とれないで,とれよ,とれる な,とれよう,,とれれば,とれなければ,とれさせる,とれさせない,とれちゃう,,とれちまう,,とれ,,とれなさい,,とれられる,とれられない,とれたら,とれなかったら,914.0,頼む,たのむ
押す,おす,おさない,おした,おさなかった,おします,おしません,おしました,おしません でした,おせる,おせない,おして,おさないで,おせ,おす な,おそう,,おせば,おさなければ,おさせる,おさせない,おしちゃう,,おしちまう,,おし,,おしなさい,,おされる,おされない,おしたら,おさなかったら,919.0,頑張る,がんばる
超える,こえる,こえない,こえた,こえなかった,こえます,こえません,こえました,こえません でした,こえられる,こえられない,こえて,こえないで,こえよ,こえる な,こえよう,,こえれば,こえなければ,こえさせる,こえさせない,こえちゃう,,こえちまう,,こえ,,こえなさい,,こえられる,こえられない,こえたら,こえなかったら,924.0,抱く,いだく
並ぶ,ならぶ,ならばない,ならんだ,ならばなかった,ならびます,ならびません,ならびました,ならびません でした,ならべる,ならべない,ならんで,ならばないで,ならべ,ならぶ な,ならぼう,,ならべば,ならばなければ,ならばせる,ならばせない,ならんじゃう,,ならんじまう,,ならび,,ならびなさい,,ならばれる,ならばれない,ならんだら,ならばなかったら,932.0,楽しむ,たのしむ
定める,さだめる,さだめない,さだめた,さだめなかった,さだめます,さだめません,さだめました,さだめません でした,さだめられる,さだめられない,さだめて,さだめないで,さだめよ,さだめる な,さだめよう,,さだめれば,さだめなければ,さだめさせる,さだめさせない,さだめちゃう,,さだめちまう,,さだめ,,さだめなさい,,さだめられる,さだめられない,さだめたら,さだめなかったら,946.0,流れる,ながれる
学ぶ,まなぶ,まなばない,まなんだ,まなばなかった,まなびます,まなびません,まなびました,まなびません でした,まなべる,まなべない,まなんで,まなばないで,まなべ,まなぶ な,まなぼう,,まなべば,まなばなければ,まなばせる,まなばせない,まなんじゃう,,まなんじまう,,まなび,,まなびなさい,,まなばれる,まなばれない,まなんだら,まなばなかったら,957.0,捨てる,すてる
うなずく,うなずく,うなずかない,うなずいた,うなずかなかった,うなずきます,うなずきません,うなずきました,うなずきません でした,うなずける,うなずけない,うなずいて,うなずかないで,うなずけ,うなずく な,うなずこう,,うなずけば,うなずかなければ,うなずかせる,うなずかせない,うなずいちゃう,,うなずいちまう,,うなずき,,うなずきなさい,,うなずかれる,うなずかれない,うなずいたら,うなずかなかったら,960.0,着る,きる
通る,とおる,とおらない,とおった,とおらなかった,とおります,とおりません,とおりました,とおりません でした,とおれる,とおれない,とおって,とおらないで,とおれ,とおる な,とおろう,,とおれば,とおらなければ,とおらせる,とおらせない,とおっちゃう,,とおっちまう,,とおり,,とおりなさい,,とおられる,とおられない,とおったら,とおらなかったら,978.0,迎える,むかえる
運ぶ,はこぶ,はこばない,はこんだ,はこばなかった,はこびます,はこびません,はこびました,はこびません でした,はこべる,はこべない,はこんで,はこばないで,はこべ,はこぶ な,はこぼう,,はこべば,はこばなければ,はこばせる,はこばせない,はこんじゃう,,はこんじまう,,はこび,,はこびなさい,,はこばれる,はこばれない,はこんだら,はこばなかったら,986.0,取れる,とれる
伴う,ともなう,ともなわない,ともなった,ともなわなかった,ともないます,ともないません,ともないました,ともないません でした,ともなえる,ともなえない,ともなって,ともなわないで,ともなえ,ともなう な,ともなおう,,ともなえば,ともなわなければ,ともなわせる,ともなわせない,ともなっちゃう,,ともなっちまう,,ともない,,ともないなさい,,ともなわれる,ともなわれない,ともなったら,ともなわなかったら,1012.0,押す,おす
広がる,ひろがる,ひろがらない,ひろがった,ひろがらなかった,ひろがります,ひろがりません,ひろがりました,ひろがりません でした,ひろがれる,ひろがれない,ひろがって,ひろがらないで,ひろがれ,ひろがる な,ひろがろう,,ひろがれば,ひろがらなければ,ひろがらせる,ひろがらせない,ひろがっちゃう,,ひろがっちまう,,ひろがり,,ひろがりなさい,,ひろがられる,ひろがられない,ひろがったら,ひろがらなかったら,1016.0,超える,こえる
付き合う,つきあう,つきあわない,つきあった,つきあわなかった,つきあいます,つきあいません,つきあいました,つきあいません でした,つきあえる,つきあえない,つきあって,つきあわないで,つきあえ,つきあう な,つきあおう,,つきあえば,つきあわなければ,つきあわせる,つきあわせない,つきあっちゃう,,つきあっちまう,,つきあい,,つきあいなさい,,つきあわれる,つきあわれない,つきあったら,つきあわなかったら,1044.0,並ぶ,ならぶ
泣く,なく,なかない,ないた,なかなかった,なきます,なきません,なきました,なきません でした,なける,なけない,ないて,なかないで,なけ,なく な,なこう,,なけば,なかなければ,なかせる,なかせない,ないちゃう,,ないちまう,,なき,,なきなさい,,なかれる,なかれない,ないたら,なかなかったら,1046.0,定める,さだめる
進める,すすめる,すすめない,すすめた,すすめなかった,すすめます,すすめません,すすめました,すすめません でした,すすめられる,すすめられない,すすめて,すすめないで,すすめよ,すすめる な,すすめよう,,すすめれば,すすめなければ,すすめさせる,すすめさせない,すすめちゃう,,すすめちまう,,すすめ,,すすめなさい,,すすめられる,すすめられない,すすめたら,すすめなかったら,1047.0,学ぶ,まなぶ
つながる,つながる,つながらない,つながった,つながらなかった,つながります,つながりません,つながりました,つながりません でした,つながれる,つながれない,つながって,つながらないで,つながれ,つながる な,つながろう,,つながれば,つながらなければ,つながらせる,つながらせない,つながっちゃう,,つながっちまう,,つながり,,つながりなさい,,つながられる,つながられない,つながったら,つながらなかったら,1074.0,頷く,うなずく
あげる,あげる,あげない,あげた,あげなかった,あげます,あげません,あげました,あげません でした,あげられる,あげられない,あげて,あげないで,あげよ,あげる な,あげよう,,あげれば,あげなければ,あげさせる,あげさせない,あげちゃう,,あげちまう,,あげ,,あげなさい,,あげられる,あげられない,あげたら,あげなかったら,1079.0,通る,とおる
とらえる,とらえる,とらえない,とらえた,とらえなかった,とらえます,とらえません,とらえました,とらえません でした,とらえられる,とらえられない,とらえて,とらえないで,とらえよ,とらえる な,とらえよう,,とらえれば,とらえなければ,とらえさせる,とらえさせない,とらえちゃう,,とらえちまう,,とらえ,,とらえなさい,,とらえられる,とらえられない,とらえたら,とらえなかったら,1083.0,運ぶ,はこぶ
見つめる,みつめる,みつめない,みつめた,みつめなかった,みつめます,みつめません,みつめました,みつめません でした,みつめられる,みつめられない,みつめて,みつめないで,みつめよ,みつめる な,みつめよう,,みつめれば,みつめなければ,みつめさせる,みつめさせない,みつめちゃう,,みつめちまう,,みつめ,,みつめなさい,,みつめられる,みつめられない,みつめたら,みつめなかったら,1087.0,伴う,ともなう
喜ぶ,よろこぶ,よろこばない,よろこんだ,よろこばなかった,よろこびます,よろこびません,よろこびました,よろこびません でした,よろこべる,よろこべない,よろこんで,よろこばないで,よろこべ,よろこぶ な,よろこぼう,,よろこべば,よろこばなければ,よろこばせる,よろこばせない,よろこんじゃう,,よろこんじまう,,よろこび,,よろこびなさい,,よろこばれる,よろこばれない,よろこんだら,よろこばなかったら,1088.0,広がる,ひろがる
避ける,さける,さけない,さけた,さけなかった,さけます,さけません,さけました,さけません でした,さけられる,さけられない,さけて,さけないで,さけよ,さける な,さけよう,,さければ,さけなければ,さけさせる,さけさせない,さけちゃう,,さけちまう,,さけ,,さけなさい,,さけられる,さけられない,さけたら,さけなかったら,1093.0,付き合う,つきあう
近づく,ちかづく,ちかづかない,ちかづいた,ちかづかなかった,ちかづきます,ちかづきません,ちかづきました,ちかづきません でした,ちかづける,ちかづけない,ちかづいて,ちかづかないで,ちかづけ,ちかづく な,ちかづこう,,ちかづけば,ちかづかなければ,ちかづかせる,ちかづかせない,ちかづいちゃう,,ちかづいちまう,,ちかづき,,ちかづきなさい,,ちかづかれる,ちかづかれない,ちかづいたら,ちかづかなかったら,1095.0,泣く,なく
届く,とどく,とどかない,とどいた,とどかなかった,とどきます,とどきません,とどきました,とどきません でした,とどける,とどけない,とどいて,とどかないで,とどけ,とどく な,とどこう,,とどけば,とどかなければ,とどかせる,とどかせない,とどいちゃう,,とどいちまう,,とどき,,とどきなさい,,とどかれる,とどかれない,とどいたら,とどかなかったら,1097.0,進める,すすめる
集まる,あつまる,あつまらない,あつまった,あつまらなかった,あつまります,あつまりません,あつまりました,あつまりません でした,あつまれる,あつまれない,あつまって,あつまらないで,あつまれ,あつまる な,あつまろう,,あつまれば,あつまらなければ,あつまらせる,あつまらせない,あつまっちゃう,,あつまっちまう,,あつまり,,あつまりなさい,,あつまられる,あつまられない,あつまったら,あつまらなかったら,1106.0,繋がる,つながる
いらっしゃる,いらっしゃる,いらっしゃらない,いらっしゃった,いらっしゃらなかった,いらっしゃいます,いらっしゃいません,いらっしゃいました,いらっしゃいません でした,いらっしゃれる,いらっしゃれない,いらして,いらっしゃらないで,いらっしゃい,いらっしゃる な,いらっしゃろう,,いらっしゃれば,いらっしゃらなければ,いらっしゃらせる,いらっしゃらせない,いらっしゃっちゃう,,いらっしゃっちまう,,いらっしゃい,,いらっしゃいなさい,,いらっしゃられる,いらっしゃられない,いらっしゃったら,いらっしゃらなかったら,1115.0,挙げる,あげる
出かける,でかける,でかけない,でかけた,でかけなかった,でかけます,でかけません,でかけました,でかけません でした,でかけられる,でかけられない,でかけて,でかけないで,でかけよ,でかける な,でかけよう,,でかければ,でかけなければ,でかけさせる,でかけさせない,でかけちゃう,,でかけちまう,,でかけ,,でかけなさい,,でかけられる,でかけられない,でかけたら,でかけなかったら,1116.0,捉える,とらえる
眺める,ながめる,ながめない,ながめた,ながめなかった,ながめます,ながめません,ながめました,ながめません でした,ながめられる,ながめられない,ながめて,ながめないで,ながめよ,ながめる な,ながめよう,,ながめれば,ながめなければ,ながめさせる,ながめさせない,ながめちゃう,,ながめちまう,,ながめ,,ながめなさい,,ながめられる,ながめられない,ながめたら,ながめなかったら,1119.0,見詰める,みつめる
含める,ふくめる,ふくめない,ふくめた,ふくめなかった,ふくめます,ふくめません,ふくめました,ふくめません でした,ふくめられる,ふくめられない,ふくめて,ふくめないで,ふくめよ,ふくめる な,ふくめよう,,ふくめれば,ふくめなければ,ふくめさせる,ふくめさせない,ふくめちゃう,,ふくめちまう,,ふくめ,,ふくめなさい,,ふくめられる,ふくめられない,ふくめたら,ふくめなかったら,1125.0,喜ぶ,よろこぶ
目指す,めざす,めざさない,めざした,めざさなかった,めざします,めざしません,めざしました,めざしません でした,めざせる,めざせない,めざして,めざさないで,めざせ,めざす な,めざそう,,めざせば,めざさなければ,めざさせる,めざさせない,めざしちゃう,,めざしちまう,,めざし,,めざしなさい,,めざされる,めざされない,めざしたら,めざさなかったら,1128.0,避ける,さける
隠す,かくす,かくさない,かくした,かくさなかった,かくします,かくしません,かくしました,かくしません でした,かくせる,かくせない,かくして,かくさないで,かくせ,かくす な,かくそう,,かくせば,かくさなければ,かくさせる,かくさせない,かくしちゃう,,かくしちまう,,かくし,,かくしなさい,,かくされる,かくされない,かくしたら,かくさなかったら,,,
集める,あつめる,あつめない,あつめた,あつめなかった,あつめます,あつめません,あつめました,あつめません でした,あつめられる,あつめられない,あつめて,あつめないで,あつめよ,あつめる な,あつめよう,,あつめれば,あつめなければ,あつめさせる,あつめさせない,あつめちゃう,,あつめちまう,,あつめ,,あつめなさい,,あつめられる,あつめられない,あつめたら,あつめなかったら,1154.0,届く,とどく
食う,くう,くわない,くった,くわなかった,くいます,くいません,くいました,くいません でした,くえる,くえない,くって,くわないで,くえ,くう な,くおう,,くえば,くわなければ,くわせる,くわせない,くっちゃう,,くっちまう,,くい,,くいなさい,,くわれる,くわれない,くったら,くわなかったら,1154.0,近付く,ちかづく
飛ぶ,とぶ,とばない,とんだ,とばなかった,とびます,とびません,とびました,とびません でした,とべる,とべない,とんで,とばないで,とべ,とぶ な,とぼう,,とべば,とばなければ,とばせる,とばせない,とんじゃう,,とんじまう,,とび,,とびなさい,,とばれる,とばれない,とんだら,とばなかったら,1163.0,集まる,あつまる
もたらす,もたらす,もたらさない,もたらした,もたらさなかった,もたらします,もたらしません,もたらしました,もたらしません でした,もたらせる,もたらせない,もたらして,もたらさないで,もたらせ,もたらす な,もたらそう,,もたらせば,もたらさなければ,もたらさせる,もたらさせない,もたらしちゃう,,もたらしちまう,,もたらし,,もたらしなさい,,もたらされる,もたらされない,もたらしたら,もたらさなかったら,1166.0,いらっしゃる,いらっしゃる
叫ぶ,さけぶ,さけばない,さけんだ,さけばなかった,さけびます,さけびません,さけびました,さけびません でした,さけべる,さけべない,さけんで,さけばないで,さけべ,さけぶ な,さけぼう,,さけべば,さけばなければ,さけばせる,さけばせない,さけんじゃう,,さけんじまう,,さけび,,さけびなさい,,さけばれる,さけばれない,さけんだら,さけばなかったら,1185.0,出掛ける,でかける
逃げる,にげる,にげない,にげた,にげなかった,にげます,にげません,にげました,にげません でした,にげられる,にげられない,にげて,にげないで,にげよ,にげる な,にげよう,,にげれば,にげなければ,にげさせる,にげさせない,にげちゃう,,にげちまう,,にげ,,にげなさい,,にげられる,にげられない,にげたら,にげなかったら,1188.0,眺める,ながめる
抜く,ぬく,ぬかない,ぬいた,ぬかなかった,ぬきます,ぬきません,ぬきました,ぬきません でした,ぬける,ぬけない,ぬいて,ぬかないで,ぬけ,ぬく な,ぬこう,,ぬけば,ぬかなければ,ぬかせる,ぬかせない,ぬいちゃう,,ぬいちまう,,ぬき,,ぬきなさい,,ぬかれる,ぬかれない,ぬいたら,ぬかなかったら,,,
落とす,おとす,おとさない,おとした,おとさなかった,おとします,おとしません,おとしました,おとしません でした,おとせる,おとせない,おとして,おとさないで,おとせ,おとす な,おとそう,,おとせば,おとさなければ,おとさせる,おとさせない,おとしちゃう,,おとしちまう,,おとし,,おとしなさい,,おとされる,おとされない,おとしたら,おとさなかったら,1201.0,含める,ふくめる
暮らす,くらす,くらさない,くらした,くらさなかった,くらします,くらしません,くらしました,くらしません でした,くらせる,くらせない,くらして,くらさないで,くらせ,くらす な,くらそう,,くらせば,くらさなければ,くらさせる,くらさせない,くらしちゃう,,くらしちまう,,くらし,,くらしなさい,,くらされる,くらされない,くらしたら,くらさなかったら,1208.0,目指す,めざす
降りる,おりる,おりない,おりた,おりなかった,おります,おりません,おりました,おりません でした,おりられる,おりられない,おりて,おりないで,おりよ,おりる な,おりよう,,おりれば,おりなければ,おりさせる,おりさせない,おりちゃう,,おりちまう,,おり,,おりなさい,,おりられる,おりられない,おりたら,おりなかったら,,,
果たす,はたす,はたさない,はたした,はたさなかった,はたします,はたしません,はたしました,はたしません でした,はたせる,はたせない,はたして,はたさないで,はたせ,はたす な,はたそう,,はたせば,はたさなければ,はたさせる,はたさせない,はたしちゃう,,はたしちまう,,はたし,,はたしなさい,,はたされる,はたされない,はたしたら,はたさなかったら,1222.0,隠す,かくす
記す,しるす,しるさない,しるした,しるさなかった,しるします,しるしません,しるしました,しるしません でした,しるせる,しるせない,しるして,しるさないで,しるせ,しるす な,しるそう,,しるせば,しるさなければ,しるさせる,しるさせない,しるしちゃう,,しるしちまう,,しるし,,しるしなさい,,しるされる,しるされない,しるしたら,しるさなかったら,1224.0,集める,あつめる
生む,うむ,うまない,うんだ,うまなかった,うみます,うみません,うみました,うみません でした,うめる,うめない,うんで,うまないで,うめ,うむ な,うもう,,うめば,うまなければ,うませる,うませない,うんじゃう,,うんじまう,,うみ,,うみなさい,,うまれる,うまれない,うんだら,うまなかったら,1224.0,食う,くう
問う,とう,とわない,とった,とわなかった,といます,といません,といました,といません でした,とえる,とえない,とって,とわないで,とえ,とう な,とおう,,とえば,とわなければ,とわせる,とわせない,とっちゃう,,とっちまう,,とい,,といなさい,,とわれる,とわれない,とったら,とわなかったら,1231.0,飛ぶ,とぶ
止まる,やまる,やまらない,やまった,やまらなかった,やまります,やまりません,やまりました,やまりません でした,やまれる,やまれない,やまって,やまらないで,やまれ,やまる な,やまろう,,やまれば,やまらなければ,やまらせる,やまらせない,やまっちゃう,,やまっちまう,,やまり,,やまりなさい,,やまられる,やまられない,やまったら,やまらなかったら,1252.0,齎す,もたらす
つかむ,つかむ,つかまない,つかんだ,つかまなかった,つかみます,つかみません,つかみました,つかみません でした,つかめる,つかめない,つかんで,つかまないで,つかめ,つかむ な,つかもう,,つかめば,つかまなければ,つかませる,つかませない,つかんじゃう,,つかんじまう,,つかみ,,つかみなさい,,つかまれる,つかまれない,つかんだら,つかまなかったら,1253.0,叫ぶ,さけぶ
返す,かえす,かえさない,かえした,かえさなかった,かえします,かえしません,かえしました,かえしません でした,かえせる,かえせない,かえして,かえさないで,かえせ,かえす な,かえそう,,かえせば,かえさなければ,かえさせる,かえさせない,かえしちゃう,,かえしちまう,,かえし,,かえしなさい,,かえされる,かえされない,かえしたら,かえさなかったら,1256.0,逃げる,にげる
過ごす,すごす,すごさない,すごした,すごさなかった,すごします,すごしません,すごしました,すごしません でした,すごせる,すごせない,すごして,すごさないで,すごせ,すごす な,すごそう,,すごせば,すごさなければ,すごさせる,すごさせない,すごしちゃう,,すごしちまう,,すごし,,すごしなさい,,すごされる,すごされない,すごしたら,すごさなかったら,1258.0,抜く,ぬく
追う,おう,おわない,おった,おわなかった,おいます,おいません,おいました,おいません でした,おえる,おえない,おって,おわないで,おえ,おう な,おおう,,おえば,おわなければ,おわせる,おわせない,おっちゃう,,おっちまう,,おい,,おいなさい,,おわれる,おわれない,おったら,おわなかったら,1267.0,落とす,おとす
扱う,あつかう,あつかわない,あつかった,あつかわなかった,あつかいます,あつかいません,あつかいました,あつかいません でした,あつかえる,あつかえない,あつかって,あつかわないで,あつかえ,あつかう な,あつかおう,,あつかえば,あつかわなければ,あつかわせる,あつかわせない,あつかっちゃう,,あつかっちまう,,あつかい,,あつかいなさい,,あつかわれる,あつかわれない,あつかったら,あつかわなかったら,1278.0,暮らす,くらす
眠る,ねむる,ねむらない,ねむった,ねむらなかった,ねむります,ねむりません,ねむりました,ねむりません でした,ねむれる,ねむれない,ねむって,ねむらないで,ねむれ,ねむる な,ねむろう,,ねむれば,ねむらなければ,ねむらせる,ねむらせない,ねむっちゃう,,ねむっちまう,,ねむり,,ねむりなさい,,ねむられる,ねむられない,ねむったら,ねむらなかったら,1282.0,降りる,おりる
及ぶ,およぶ,およばない,およんだ,およばなかった,およびます,およびません,およびました,およびません でした,およべる,およべない,およんで,およばないで,およべ,およぶ な,およぼう,,およべば,およばなければ,およばせる,およばせない,およんじゃう,,およんじまう,,および,,およびなさい,,およばれる,およばれない,およんだら,およばなかったら,1285.0,果たす,はたす
怒る,おこる,おこらない,おこった,おこらなかった,おこります,おこりません,おこりました,おこりません でした,おこれる,おこれない,おこって,おこらないで,おこれ,おこる な,おころう,,おこれば,おこらなければ,おこらせる,おこらせない,おこっちゃう,,おこっちまう,,おこり,,おこりなさい,,おこられる,おこられない,おこったら,おこらなかったら,1291.0,記す,しるす
結ぶ,むすぶ,むすばない,むすんだ,むすばなかった,むすびます,むすびません,むすびました,むすびません でした,むすべる,むすべない,むすんで,むすばないで,むすべ,むすぶ な,むすぼう,,むすべば,むすばなければ,むすばせる,むすばせない,むすんじゃう,,むすんじまう,,むすび,,むすびなさい,,むすばれる,むすばれない,むすんだら,むすばなかったら,1292.0,生む,うむ
図る,はかる,はからない,はかった,はからなかった,はかります,はかりません,はかりました,はかりません でした,はかれる,はかれない,はかって,はからないで,はかれ,はかる な,はかろう,,はかれば,はからなければ,はからせる,はからせない,はかっちゃう,,はかっちまう,,はかり,,はかりなさい,,はかられる,はかられない,はかったら,はからなかったら,1294.0,問う,とう
うたう,うたう,うたわない,うたった,うたわなかった,うたいます,うたいません,うたいました,うたいません でした,うたえる,うたえない,うたって,うたわないで,うたえ,うたう な,うたおう,,うたえば,うたわなければ,うたわせる,うたわせない,うたっちゃう,,うたっちまう,,うたい,,うたいなさい,,うたわれる,うたわれない,うたったら,うたわなかったら,1308.0,止まる,とまる
乗せる,のせる,のせない,のせた,のせなかった,のせます,のせません,のせました,のせません でした,のせられる,のせられない,のせて,のせないで,のせよ,のせる な,のせよう,,のせれば,のせなければ,のせさせる,のせさせない,のせちゃう,,のせちまう,,のせ,,のせなさい,,のせられる,のせられない,のせたら,のせなかったら,1309.0,掴む,つかむ
申す,もうす,もうさない,もうした,もうさなかった,もうします,もうしません,もうしました,もうしません でした,もうせる,もうせない,もうして,もうさないで,もうせ,もうす な,もうそう,,もうせば,もうさなければ,もうさせる,もうさせない,もうしちゃう,,もうしちまう,,もうし,,もうしなさい,,もうされる,もうされない,もうしたら,もうさなかったら,1310.0,返す,かえす
支える,つかえる,つかえない,つかえた,つかえなかった,つかえます,つかえません,つかえました,つかえません でした,つかえられる,つかえられない,つかえて,つかえないで,つかえよ,つかえる な,つかえよう,,つかえれば,つかえなければ,つかえさせる,つかえさせない,つかえちゃう,,つかえちまう,,つかえ,,つかえなさい,,つかえられる,つかえられない,つかえたら,つかえなかったら,1312.0,過ごす,すごす
黙る,だまる,だまらない,だまった,だまらなかった,だまります,だまりません,だまりました,だまりません でした,だまれる,だまれない,だまって,だまらないで,だまれ,だまる な,だまろう,,だまれば,だまらなければ,だまらせる,だまらせない,だまっちゃう,,だまっちまう,,だまり,,だまりなさい,,だまられる,だまられない,だまったら,だまらなかったら,1314.0,追う,おう
受け取る,うけとる,うけとらない,うけとった,うけとらなかった,うけとります,うけとりません,うけとりました,うけとりません でした,うけとれる,うけとれない,うけとって,うけとらないで,うけとれ,うけとる な,うけとろう,,うけとれば,うけとらなければ,うけとらせる,うけとらせない,うけとっちゃう,,うけとっちまう,,うけとり,,うけとりなさい,,うけとられる,うけとられない,うけとったら,うけとらなかったら,1321.0,扱う,あつかう
抱える,かかえる,かかえない,かかえた,かかえなかった,かかえます,かかえません,かかえました,かかえません でした,かかえられる,かかえられない,かかえて,かかえないで,かかえよ,かかえる な,かかえよう,,かかえれば,かかえなければ,かかえさせる,かかえさせない,かかえちゃう,,かかえちまう,,かかえ,,かかえなさい,,かかえられる,かかえられない,かかえたら,かかえなかったら,1327.0,眠る,ねむる
たたく,たたく,たたかない,たたいた,たたかなかった,たたきます,たたきません,たたきました,たたきません でした,たたける,たたけない,たたいて,たたかないで,たたけ,たたく な,たたこう,,たたけば,たたかなければ,たたかせる,たたかせない,たたいちゃう,,たたいちまう,,たたき,,たたきなさい,,たたかれる,たたかれない,たたいたら,たたかなかったら,1329.0,及ぶ,およぶ
渡す,わたす,わたさない,わたした,わたさなかった,わたします,わたしません,わたしました,わたしません でした,わたせる,わたせない,わたして,わたさないで,わたせ,わたす な,わたそう,,わたせば,わたさなければ,わたさせる,わたさせない,わたしちゃう,,わたしちまう,,わたし,,わたしなさい,,わたされる,わたされない,わたしたら,わたさなかったら,1343.0,怒る,おこる
育てる,そだてる,そだてない,そだてた,そだてなかった,そだてます,そだてません,そだてました,そだてません でした,そだてられる,そだてられない,そだてて,そだてないで,そだてよ,そだてる な,そだてよう,,そだてれば,そだてなければ,そだてさせる,そだてさせない,そだてちゃう,,そだてちまう,,そだて,,そだてなさい,,そだてられる,そだてられない,そだてたら,そだてなかったら,,,
借りる,かりる,かりない,かりた,かりなかった,かります,かりません,かりました,かりません でした,かりられる,かりられない,かりて,かりないで,かりよ,かりる な,かりよう,,かりれば,かりなければ,かりさせる,かりさせない,かりちゃう,,かりちまう,,かり,,かりなさい,,かりられる,かりられない,かりたら,かりなかったら,1353.0,結ぶ,むすぶ
受け入れる,うけいれる,うけいれない,うけいれた,うけいれなかった,うけいれます,うけいれません,うけいれました,うけいれません でした,うけいれられる,うけいれられない,うけいれて,うけいれないで,うけいれよ,うけいれる な,うけいれよう,,うけいれれば,うけいれなければ,うけいれさせる,うけいれさせない,うけいれちゃう,,うけいれちまう,,うけいれ,,うけいれなさい,,うけいれられる,うけいれられない,うけいれたら,うけいれなかったら,1377.0,図る,はかる
動かす,うごかす,うごかさない,うごかした,うごかさなかった,うごかします,うごかしません,うごかしました,うごかしません でした,うごかせる,うごかせない,うごかして,うごかさないで,うごかせ,うごかす な,うごかそう,,うごかせば,うごかさなければ,うごかさせる,うごかさせない,うごかしちゃう,,うごかしちまう,,うごかし,,うごかしなさい,,うごかされる,うごかされない,うごかしたら,うごかさなかったら,1388.0,歌う,うたう
分ける,わける,わけない,わけた,わけなかった,わけます,わけません,わけました,わけません でした,わけられる,わけられない,わけて,わけないで,わけよ,わける な,わけよう,,わければ,わけなければ,わけさせる,わけさせない,わけちゃう,,わけちまう,,わけ,,わけなさい,,わけられる,わけられない,わけたら,わけなかったら,1391.0,乗せる,のせる
立ち上がる,たちあがる,たちあがらない,たちあがった,たちあがらなかった,たちあがります,たちあがりません,たちあがりました,たちあがりません でした,たちあがれる,たちあがれない,たちあがって,たちあがらないで,たちあがれ,たちあがる な,たちあがろう,,たちあがれば,たちあがらなければ,たちあがらせる,たちあがらせない,たちあがっちゃう,,たちあがっちまう,,たちあがり,,たちあがりなさい,,たちあがられる,たちあがられない,たちあがったら,たちあがらなかったら,1399.0,申す,もうす
訪れる,おとずれる,おとずれない,おとずれた,おとずれなかった,おとずれます,おとずれません,おとずれました,おとずれません でした,おとずれられる,おとずれられない,おとずれて,おとずれないで,おとずれよ,おとずれる な,おとずれよう,,おとずれれば,おとずれなければ,おとずれさせる,おとずれさせない,おとずれちゃう,,おとずれちまう,,おとずれ,,おとずれなさい,,おとずれられる,おとずれられない,おとずれたら,おとずれなかったら,1404.0,支える,ささえる
充てる,あてる,あてない,あてた,あてなかった,あてます,あてません,あてました,あてません でした,あてられる,あてられない,あてて,あてないで,あてよ,あてる な,あてよう,,あてれば,あてなければ,あてさせる,あてさせない,あてちゃう,,あてちまう,,あて,,あてなさい,,あてられる,あてられない,あてたら,あてなかったら,1408.0,黙る,だまる
めぐる,めぐる,めぐらない,めぐった,めぐらなかった,めぐります,めぐりません,めぐりました,めぐりません でした,めぐれる,めぐれない,めぐって,めぐらないで,めぐれ,めぐる な,めぐろう,,めぐれば,めぐらなければ,めぐらせる,めぐらせない,めぐっちゃう,,めぐっちまう,,めぐり,,めぐりなさい,,めぐられる,めぐられない,めぐったら,めぐらなかったら,1419.0,受け取る,うけとる
焼く,やく,やかない,やいた,やかなかった,やきます,やきません,やきました,やきません でした,やける,やけない,やいて,やかないで,やけ,やく な,やこう,,やけば,やかなければ,やかせる,やかせない,やいちゃう,,やいちまう,,やき,,やきなさい,,やかれる,やかれない,やいたら,やかなかったら,1421.0,抱える,かかえる
伸ばす,のばす,のばさない,のばした,のばさなかった,のばします,のばしません,のばしました,のばしません でした,のばせる,のばせない,のばして,のばさないで,のばせ,のばす な,のばそう,,のばせば,のばさなければ,のばさせる,のばさせない,のばしちゃう,,のばしちまう,,のばし,,のばしなさい,,のばされる,のばされない,のばしたら,のばさなかったら,1424.0,叩く,たたく
出会う,であう,であわない,であった,であわなかった,であいます,であいません,であいました,であいません でした,であえる,であえない,であって,であわないで,であえ,であう な,であおう,,であえば,であわなければ,であわせる,であわせない,であっちゃう,,であっちまう,,であい,,であいなさい,,であわれる,であわれない,であったら,であわなかったら,1433.0,渡す,わたす
助ける,たすける,たすけない,たすけた,たすけなかった,たすけます,たすけません,たすけました,たすけません でした,たすけられる,たすけられない,たすけて,たすけないで,たすけよ,たすける な,たすけよう,,たすければ,たすけなければ,たすけさせる,たすけさせない,たすけちゃう,,たすけちまう,,たすけ,,たすけなさい,,たすけられる,たすけられない,たすけたら,たすけなかったら,1452.0,育てる,そだてる
望む,のぞむ,のぞまない,のぞんだ,のぞまなかった,のぞみます,のぞみません,のぞみました,のぞみません でした,のぞめる,のぞめない,のぞんで,のぞまないで,のぞめ,のぞむ な,のぞもう,,のぞめば,のぞまなければ,のぞませる,のぞませない,のぞんじゃう,,のぞんじまう,,のぞみ,,のぞみなさい,,のぞまれる,のぞまれない,のぞんだら,のぞまなかったら,1455.0,借りる,かりる
通う,かよう,かよわない,かよった,かよわなかった,かよいます,かよいません,かよいました,かよいません でした,かよえる,かよえない,かよって,かよわないで,かよえ,かよう な,かよおう,,かよえば,かよわなければ,かよわせる,かよわせない,かよっちゃう,,かよっちまう,,かよい,,かよいなさい,,かよわれる,かよわれない,かよったら,かよわなかったら,1468.0,受け入れる,うけいれる
見つかる,みつかる,みつからない,みつかった,みつからなかった,みつかります,みつかりません,みつかりました,みつかりません でした,みつかれる,みつかれない,みつかって,みつからないで,みつかれ,みつかる な,みつかろう,,みつかれば,みつからなければ,みつからせる,みつからせない,みつかっちゃう,,みつかっちまう,,みつかり,,みつかりなさい,,みつかられる,みつかられない,みつかったら,みつからなかったら,1470.0,動かす,うごかす
上る,のぼる,のぼらない,のぼった,のぼらなかった,のぼります,のぼりません,のぼりました,のぼりません でした,のぼれる,のぼれない,のぼって,のぼらないで,のぼれ,のぼる な,のぼろう,,のぼれば,のぼらなければ,のぼらせる,のぼらせない,のぼっちゃう,,のぼっちまう,,のぼり,,のぼりなさい,,のぼられる,のぼられない,のぼったら,のぼらなかったら,1475.0,分ける,わける
なくなる,なくなる,なくならない,なくなった,なくならなかった,なくなります,なくなりません,なくなりました,なくなりません でした,なくなれる,なくなれない,なくなって,なくならないで,なくなれ,なくなる な,なくなろう,,なくなれば,なくならなければ,なくならせる,なくならせない,なくなっちゃう,,なくなっちまう,,なくなり,,なくなりなさい,,なくなられる,なくなられない,なくなったら,なくならなかったら,1476.0,立ち上がる,たちあがる
落ち着く,おちつく,おちつかない,おちついた,おちつかなかった,おちつきます,おちつきません,おちつきました,おちつきません でした,おちつける,おちつけない,おちついて,おちつかないで,おちつけ,おちつく な,おちつこう,,おちつけば,おちつかなければ,おちつかせる,おちつかせない,おちついちゃう,,おちついちまう,,おちつき,,おちつきなさい,,おちつかれる,おちつかれない,おちついたら,おちつかなかったら,1477.0,訪れる,おとずれる
まとめる,まとめる,まとめない,まとめた,まとめなかった,まとめます,まとめません,まとめました,まとめません でした,まとめられる,まとめられない,まとめて,まとめないで,まとめよ,まとめる な,まとめよう,,まとめれば,まとめなければ,まとめさせる,まとめさせない,まとめちゃう,,まとめちまう,,まとめ,,まとめなさい,,まとめられる,まとめられない,まとめたら,まとめなかったら,1478.0,当てる,あてる
抜ける,ぬける,ぬけない,ぬけた,ぬけなかった,ぬけます,ぬけません,ぬけました,ぬけません でした,ぬけられる,ぬけられない,ぬけて,ぬけないで,ぬけよ,ぬける な,ぬけよう,,ぬければ,ぬけなければ,ぬけさせる,ぬけさせない,ぬけちゃう,,ぬけちまう,,ぬけ,,ぬけなさい,,ぬけられる,ぬけられない,ぬけたら,ぬけなかったら,1484.0,巡る,めぐる
取り上げる,とりあげる,とりあげない,とりあげた,とりあげなかった,とりあげます,とりあげません,とりあげました,とりあげません でした,とりあげられる,とりあげられない,とりあげて,とりあげないで,とりあげよ,とりあげる な,とりあげよう,,とりあげれば,とりあげなければ,とりあげさせる,とりあげさせない,とりあげちゃう,,とりあげちまう,,とりあげ,,とりあげなさい,,とりあげられる,とりあげられない,とりあげたら,とりあげなかったら,1488.0,焼く,やく
構う,かまう,かまわない,かまった,かまわなかった,かまいます,かまいません,かまいました,かまいません でした,かまえる,かまえない,かまって,かまわないで,かまえ,かまう な,かまおう,,かまえば,かまわなければ,かまわせる,かまわせない,かまっちゃう,,かまっちまう,,かまい,,かまいなさい,,かまわれる,かまわれない,かまったら,かまわなかったら,1490.0,伸ばす,のばす
戦う,たたかう,たたかわない,たたかった,たたかわなかった,たたかいます,たたかいません,たたかいました,たたかいません でした,たたかえる,たたかえない,たたかって,たたかわないで,たたかえ,たたかう な,たたかおう,,たたかえば,たたかわなければ,たたかわせる,たたかわせない,たたかっちゃう,,たたかっちまう,,たたかい,,たたかいなさい,,たたかわれる,たたかわれない,たたかったら,たたかわなかったら,1494.0,出会う,であう
悩む,なやむ,なやまない,なやんだ,なやまなかった,なやみます,なやみません,なやみました,なやみません でした,なやめる,なやめない,なやんで,なやまないで,なやめ,なやむ な,なやもう,,なやめば,なやまなければ,なやませる,なやませない,なやんじゃう,,なやんじまう,,なやみ,,なやみなさい,,なやまれる,なやまれない,なやんだら,なやまなかったら,1495.0,助ける,たすける
洗う,あらう,あらわない,あらった,あらわなかった,あらいます,あらいません,あらいました,あらいません でした,あらえる,あらえない,あらって,あらわないで,あらえ,あらう な,あらおう,,あらえば,あらわなければ,あらわせる,あらわせない,あらっちゃう,,あらっちまう,,あらい,,あらいなさい,,あらわれる,あらわれない,あらったら,あらわなかったら,1495.0,望む,のぞむ
疲れる,つかれる,つかれない,つかれた,つかれなかった,つかれます,つかれません,つかれました,つかれません でした,つかれられる,つかれられない,つかれて,つかれないで,つかれよ,つかれる な,つかれよう,,つかれれば,つかれなければ,つかれさせる,つかれさせない,つかれちゃう,,つかれちまう,,つかれ,,つかれなさい,,つかれられる,つかれられない,つかれたら,つかれなかったら,1502.0,通う,かよう
着く,はく,はかない,はいた,はかなかった,はきます,はきません,はきました,はきません でした,はける,はけない,はいて,はかないで,はけ,はく な,はこう,,はけば,はかなければ,はかせる,はかせない,はいちゃう,,はいちまう,,はき,,はきなさい,,はかれる,はかれない,はいたら,はかなかったら,1514.0,見付かる,みつかる
しゃべる,しゃべる,しゃべらない,しゃべった,しゃべらなかった,しゃべります,しゃべりません,しゃべりました,しゃべりません でした,しゃべれる,しゃべれない,しゃべって,しゃべらないで,しゃべれ,しゃべる な,しゃべろう,,しゃべれば,しゃべらなければ,しゃべらせる,しゃべらせない,しゃべっちゃう,,しゃべっちまう,,しゃべり,,しゃべりなさい,,しゃべられる,しゃべられない,しゃべったら,しゃべらなかったら,1550.0,上る,のぼる
なれる,なれる,なれない,なれた,なれなかった,なれます,なれません,なれました,なれません でした,なれられる,なれられない,なれて,なれないで,なれよ,なれる な,なれよう,,なれれば,なれなければ,なれさせる,なれさせない,なれちゃう,,なれちまう,,なれ,,なれなさい,,なれられる,なれられない,なれたら,なれなかったら,1553.0,亡くなる,なくなる
流す,ながす,ながさない,ながした,ながさなかった,ながします,ながしません,ながしました,ながしません でした,ながせる,ながせない,ながして,ながさないで,ながせ,ながす な,ながそう,,ながせば,ながさなければ,ながさせる,ながさせない,ながしちゃう,,ながしちまう,,ながし,,ながしなさい,,ながされる,ながされない,ながしたら,ながさなかったら,1557.0,落ち着く,おちつく
握る,にぎる,にぎらない,にぎった,にぎらなかった,にぎります,にぎりません,にぎりました,にぎりません でした,にぎれる,にぎれない,にぎって,にぎらないで,にぎれ,にぎる な,にぎろう,,にぎれば,にぎらなければ,にぎらせる,にぎらせない,にぎっちゃう,,にぎっちまう,,にぎり,,にぎりなさい,,にぎられる,にぎられない,にぎったら,にぎらなかったら,1558.0,纏める,まとめる
減る,へる,へらない,へった,へらなかった,へります,へりません,へりました,へりません でした,へれる,へれない,へって,へらないで,へれ,へる な,へろう,,へれば,へらなければ,へらせる,へらせない,へっちゃう,,へっちまう,,へり,,へりなさい,,へられる,へられない,へったら,へらなかったら,1561.0,抜ける,ぬける
下げる,さげる,さげない,さげた,さげなかった,さげます,さげません,さげました,さげません でした,さげられる,さげられない,さげて,さげないで,さげよ,さげる な,さげよう,,さげれば,さげなければ,さげさせる,さげさせない,さげちゃう,,さげちまう,,さげ,,さげなさい,,さげられる,さげられない,さげたら,さげなかったら,1561.0,取り上げる,とりあげる
占める,しめる,しめない,しめた,しめなかった,しめます,しめません,しめました,しめません でした,しめられる,しめられない,しめて,しめないで,しめよ,しめる な,しめよう,,しめれば,しめなければ,しめさせる,しめさせない,しめちゃう,,しめちまう,,しめ,,しめなさい,,しめられる,しめられない,しめたら,しめなかったら,1580.0,構う,かまう
優れる,すぐれる,すぐれない,すぐれた,すぐれなかった,すぐれます,すぐれません,すぐれました,すぐれません でした,すぐれられる,すぐれられない,すぐれて,すぐれないで,すぐれよ,すぐれる な,すぐれよう,,すぐれれば,すぐれなければ,すぐれさせる,すぐれさせない,すぐれちゃう,,すぐれちまう,,すぐれ,,すぐれなさい,,すぐれられる,すぐれられない,すぐれたら,すぐれなかったら,1584.0,戦う,たたかう
包む,くるむ,くるまない,くるんだ,くるまなかった,くるみます,くるみません,くるみました,くるみません でした,くるめる,くるめない,くるんで,くるまないで,くるめ,くるむ な,くるもう,,くるめば,くるまなければ,くるませる,くるませない,くるんじゃう,,くるんじまう,,くるみ,,くるみなさい,,くるまれる,くるまれない,くるんだら,くるまなかったら,,,
吐く,はく,はかない,はいた,はかなかった,はきます,はきません,はきました,はきません でした,はける,はけない,はいて,はかないで,はけ,はく な,はこう,,はけば,はかなければ,はかせる,はかせない,はいちゃう,,はいちまう,,はき,,はきなさい,,はかれる,はかれない,はいたら,はかなかったら,1589.0,悩む,なやむ
消す,けす,けさない,けした,けさなかった,けします,けしません,けしました,けしません でした,けせる,けせない,けして,けさないで,けせ,けす な,けそう,,けせば,けさなければ,けさせる,けさせない,けしちゃう,,けしちまう,,けし,,けしなさい,,けされる,けされない,けしたら,けさなかったら,1591.0,洗う,あらう
のぞく,のぞく,のぞかない,のぞいた,のぞかなかった,のぞきます,のぞきません,のぞきました,のぞきません でした,のぞける,のぞけない,のぞいて,のぞかないで,のぞけ,のぞく な,のぞこう,,のぞけば,のぞかなければ,のぞかせる,のぞかせない,のぞいちゃう,,のぞいちまう,,のぞき,,のぞきなさい,,のぞかれる,のぞかれない,のぞいたら,のぞかなかったら,1600.0,疲れる,つかれる
勝つ,かつ,かたない,かった,かたなかった,かちます,かちません,かちました,かちません でした,かてる,かてない,かって,かたないで,かて,かつ な,かとう,,かてば,かたなければ,かたせる,かたせない,かっちゃう,,かっちまう,,かち,,かちなさい,,かたれる,かたれない,かったら,かたなかったら,1601.0,着く,つく
浮かぶ,うかぶ,うかばない,うかんだ,うかばなかった,うかびます,うかびません,うかびました,うかびません でした,うかべる,うかべない,うかんで,うかばないで,うかべ,うかぶ な,うかぼう,,うかべば,うかばなければ,うかばせる,うかばせない,うかんじゃう,,うかんじまう,,うかび,,うかびなさい,,うかばれる,うかばれない,うかんだら,うかばなかったら,1605.0,喋る,しゃべる
去る,さる,さらない,さった,さらなかった,さります,さりません,さりました,さりません でした,される,されない,さって,さらないで,され,さる な,さろう,,されば,さらなければ,さらせる,さらせない,さっちゃう,,さっちまう,,さり,,さりなさい,,さられる,さられない,さったら,さらなかったら,1608.0,慣れる,なれる
回す,まわす,まわさない,まわした,まわさなかった,まわします,まわしません,まわしました,まわしません でした,まわせる,まわせない,まわして,まわさないで,まわせ,まわす な,まわそう,,まわせば,まわさなければ,まわさせる,まわさせない,まわしちゃう,,まわしちまう,,まわし,,まわしなさい,,まわされる,まわされない,まわしたら,まわさなかったら,1612.0,流す,ながす
除く,のぞく,のぞかない,のぞいた,のぞかなかった,のぞきます,のぞきません,のぞきました,のぞきません でした,のぞける,のぞけない,のぞいて,のぞかないで,のぞけ,のぞく な,のぞこう,,のぞけば,のぞかなければ,のぞかせる,のぞかせない,のぞいちゃう,,のぞいちまう,,のぞき,,のぞきなさい,,のぞかれる,のぞかれない,のぞいたら,のぞかなかったら,1617.0,握る,にぎる
育つ,そだつ,そだたない,そだった,そだたなかった,そだちます,そだちません,そだちました,そだちません でした,そだてる,そだてない,そだって,そだたないで,そだて,そだつ な,そだとう,,そだてば,そだたなければ,そだたせる,そだたせない,そだっちゃう,,そだっちまう,,そだち,,そだちなさい,,そだたれる,そだたれない,そだったら,そだたなかったら,1619.0,減る,へる
終える,おえる,おえない,おえた,おえなかった,おえます,おえません,おえました,おえません でした,おえられる,おえられない,おえて,おえないで,おえよ,おえる な,おえよう,,おえれば,おえなければ,おえさせる,おえさせない,おえちゃう,,おえちまう,,おえ,,おえなさい,,おえられる,おえられない,おえたら,おえなかったら,1625.0,下げる,さげる
外す,はずす,はずさない,はずした,はずさなかった,はずします,はずしません,はずしました,はずしません でした,はずせる,はずせない,はずして,はずさないで,はずせ,はずす な,はずそう,,はずせば,はずさなければ,はずさせる,はずさせない,はずしちゃう,,はずしちまう,,はずし,,はずしなさい,,はずされる,はずされない,はずしたら,はずさなかったら,1638.0,占める,しめる
つぶやく,つぶやく,つぶやかない,つぶやいた,つぶやかなかった,つぶやきます,つぶやきません,つぶやきました,つぶやきません でした,つぶやける,つぶやけない,つぶやいて,つぶやかないで,つぶやけ,つぶやく な,つぶやこう,,つぶやけば,つぶやかなければ,つぶやかせる,つぶやかせない,つぶやいちゃう,,つぶやいちまう,,つぶやき,,つぶやきなさい,,つぶやかれる,つぶやかれない,つぶやいたら,つぶやかなかったら,1640.0,優れる,すぐれる
向く,むく,むかない,むいた,むかなかった,むきます,むきません,むきました,むきません でした,むける,むけない,むいて,むかないで,むけ,むく な,むこう,,むけば,むかなければ,むかせる,むかせない,むいちゃう,,むいちまう,,むき,,むきなさい,,むかれる,むかれない,むいたら,むかなかったら,1644.0,包む,つつむ
負ける,まける,まけない,まけた,まけなかった,まけます,まけません,まけました,まけません でした,まけられる,まけられない,まけて,まけないで,まけよ,まける な,まけよう,,まければ,まけなければ,まけさせる,まけさせない,まけちゃう,,まけちまう,,まけ,,まけなさい,,まけられる,まけられない,まけたら,まけなかったら,1646.0,吐く,はく
いる,いる,いらない,いった,いらなかった,いります,いりません,いりました,いりません でした,いれる,いれない,いって,いらないで,いれ,いる な,いろう,,いれば,いらなければ,いらせる,いらせない,いっちゃう,,いっちまう,,いり,,いりなさい,,いられる,いられない,いったら,いらなかったら,1647.0,消す,けす
恐れる,おそれる,おそれない,おそれた,おそれなかった,おそれます,おそれません,おそれました,おそれません でした,おそれられる,おそれられない,おそれて,おそれないで,おそれよ,おそれる な,おそれよう,,おそれれば,おそれなければ,おそれさせる,おそれさせない,おそれちゃう,,おそれちまう,,おそれ,,おそれなさい,,おそれられる,おそれられない,おそれたら,おそれなかったら,1652.0,覗く,のぞく
直す,なおす,なおさない,なおした,なおさなかった,なおします,なおしません,なおしました,なおしません でした,なおせる,なおせない,なおして,なおさないで,なおせ,なおす な,なおそう,,なおせば,なおさなければ,なおさせる,なおさせない,なおしちゃう,,なおしちまう,,なおし,,なおしなさい,,なおされる,なおされない,なおしたら,なおさなかったら,1655.0,勝つ,かつ
設ける,もうける,もうけない,もうけた,もうけなかった,もうけます,もうけません,もうけました,もうけません でした,もうけられる,もうけられない,もうけて,もうけないで,もうけよ,もうける な,もうけよう,,もうければ,もうけなければ,もうけさせる,もうけさせない,もうけちゃう,,もうけちまう,,もうけ,,もうけなさい,,もうけられる,もうけられない,もうけたら,もうけなかったら,1656.0,浮かぶ,うかぶ
支払う,しはらう,しはらわない,しはらった,しはらわなかった,しはらいます,しはらいません,しはらいました,しはらいません でした,しはらえる,しはらえない,しはらって,しはらわないで,しはらえ,しはらう な,しはらおう,,しはらえば,しはらわなければ,しはらわせる,しはらわせない,しはらっちゃう,,しはらっちまう,,しはらい,,しはらいなさい,,しはらわれる,しはらわれない,しはらったら,しはらわなかったら,1672.0,去る,さる
迫る,せまる,せまらない,せまった,せまらなかった,せまります,せまりません,せまりました,せまりません でした,せまれる,せまれない,せまって,せまらないで,せまれ,せまる な,せまろう,,せまれば,せまらなければ,せまらせる,せまらせない,せまっちゃう,,せまっちまう,,せまり,,せまりなさい,,せまられる,せまられない,せまったら,せまらなかったら,1688.0,回す,まわす
経る,へる,へない,へた,へなかった,へます,へません,へました,へません でした,へられる,へられない,へて,へないで,へよ,へる な,へよう,,へれば,へなければ,へさせる,へさせない,へちゃう,,へちまう,,へ,,へなさい,,へられる,へられない,へたら,へなかったら,1697.0,除く,のぞく
振り返る,ふりかえる,ふりかえらない,ふりかえった,ふりかえらなかった,ふりかえります,ふりかえりません,ふりかえりました,ふりかえりません でした,ふりかえれる,ふりかえれない,ふりかえって,ふりかえらないで,ふりかえれ,ふりかえる な,ふりかえろう,,ふりかえれば,ふりかえらなければ,ふりかえらせる,ふりかえらせない,ふりかえっちゃう,,ふりかえっちまう,,ふりかえり,,ふりかえりなさい,,ふりかえられる,ふりかえられない,ふりかえったら,ふりかえらなかったら,1707.0,育つ,そだつ
断る,ことわる,ことわらない,ことわった,ことわらなかった,ことわります,ことわりません,ことわりました,ことわりません でした,ことわれる,ことわれない,ことわって,ことわらないで,ことわれ,ことわる な,ことわろう,,ことわれば,ことわらなければ,ことわらせる,ことわらせない,ことわっちゃう,,ことわっちまう,,ことわり,,ことわりなさい,,ことわられる,ことわられない,ことわったら,ことわらなかったら,1714.0,終える,おえる
越える,こえる,こえない,こえた,こえなかった,こえます,こえません,こえました,こえません でした,こえられる,こえられない,こえて,こえないで,こえよ,こえる な,こえよう,,こえれば,こえなければ,こえさせる,こえさせない,こえちゃう,,こえちまう,,こえ,,こえなさい,,こえられる,こえられない,こえたら,こえなかったら,1717.0,外す,はずす
誘う,さそう,さそわない,さそった,さそわなかった,さそいます,さそいません,さそいました,さそいません でした,さそえる,さそえない,さそって,さそわないで,さそえ,さそう な,さそおう,,さそえば,さそわなければ,さそわせる,さそわせない,さそっちゃう,,さそっちまう,,さそい,,さそいなさい,,さそわれる,さそわれない,さそったら,さそわなかったら,1748.0,呟く,つぶやく
取り出す,とりだす,とりださない,とりだした,とりださなかった,とりだします,とりだしません,とりだしました,とりだしません でした,とりだせる,とりだせない,とりだして,とりださないで,とりだせ,とりだす な,とりだそう,,とりだせば,とりださなければ,とりださせる,とりださせない,とりだしちゃう,,とりだしちまう,,とりだし,,とりだしなさい,,とりだされる,とりだされない,とりだしたら,とりださなかったら,1751.0,向く,むく
急ぐ,いそぐ,いそがない,いそいだ,いそがなかった,いそぎます,いそぎません,いそぎました,いそぎません でした,いそげる,いそげない,いそいで,いそがないで,いそげ,いそぐ な,いそごう,,いそげば,いそがなければ,いそがせる,いそがせない,いそいじゃう,,いそいじまう,,いそぎ,,いそぎなさい,,いそがれる,いそがれない,いそいだら,いそがなかったら,1753.0,負ける,まける
あわてる,あわてる,あわてない,あわてた,あわてなかった,あわてます,あわてません,あわてました,あわてません でした,あわてられる,あわてられない,あわてて,あわてないで,あわてよ,あわてる な,あわてよう,,あわてれば,あわてなければ,あわてさせる,あわてさせない,あわてちゃう,,あわてちまう,,あわて,,あわてなさい,,あわてられる,あわてられない,あわてたら,あわてなかったら,1762.0,要る,いる
訴える,うったえる,うったえない,うったえた,うったえなかった,うったえます,うったえません,うったえました,うったえません でした,うったえられる,うったえられない,うったえて,うったえないで,うったえよ,うったえる な,うったえよう,,うったえれば,うったえなければ,うったえさせる,うったえさせない,うったえちゃう,,うったえちまう,,うったえ,,うったえなさい,,うったえられる,うったえられない,うったえたら,うったえなかったら,1775.0,恐れる,おそれる
分かれる,わかれる,わかれない,わかれた,わかれなかった,わかれます,わかれません,わかれました,わかれません でした,わかれられる,わかれられない,わかれて,わかれないで,わかれよ,わかれる な,わかれよう,,わかれれば,わかれなければ,わかれさせる,わかれさせない,わかれちゃう,,わかれちまう,,わかれ,,わかれなさい,,わかれられる,わかれられない,わかれたら,わかれなかったら,1784.0,直す,なおす
伝わる,つたわる,つたわらない,つたわった,つたわらなかった,つたわります,つたわりません,つたわりました,つたわりません でした,つたわれる,つたわれない,つたわって,つたわらないで,つたわれ,つたわる な,つたわろう,,つたわれば,つたわらなければ,つたわらせる,つたわらせない,つたわっちゃう,,つたわっちまう,,つたわり,,つたわりなさい,,つたわられる,つたわられない,つたわったら,つたわらなかったら,1786.0,設ける,もうける
まいる,まいる,まいらない,まいった,まいらなかった,まいります,まいりません,まいりました,まいりません でした,まいれる,まいれない,まいって,まいらないで,まいれ,まいる な,まいろう,,まいれば,まいらなければ,まいらせる,まいらせない,まいっちゃう,,まいっちまう,,まいり,,まいりなさい,,まいられる,まいられない,まいったら,まいらなかったら,1788.0,支払う,しはらう
尽くす,つくす,つくさない,つくした,つくさなかった,つくします,つくしません,つくしました,つくしません でした,つくせる,つくせない,つくして,つくさないで,つくせ,つくす な,つくそう,,つくせば,つくさなければ,つくさせる,つくさせない,つくしちゃう,,つくしちまう,,つくし,,つくしなさい,,つくされる,つくされない,つくしたら,つくさなかったら,1788.0,迫る,せまる
移る,うつる,うつらない,うつった,うつらなかった,うつります,うつりません,うつりました,うつりません でした,うつれる,うつれない,うつって,うつらないで,うつれ,うつる な,うつろう,,うつれば,うつらなければ,うつらせる,うつらせない,うつっちゃう,,うつっちまう,,うつり,,うつりなさい,,うつられる,うつられない,うつったら,うつらなかったら,1792.0,経る,へる
告げる,つげる,つげない,つげた,つげなかった,つげます,つげません,つげました,つげません でした,つげられる,つげられない,つげて,つげないで,つげよ,つげる な,つげよう,,つげれば,つげなければ,つげさせる,つげさせない,つげちゃう,,つげちまう,,つげ,,つげなさい,,つげられる,つげられない,つげたら,つげなかったら,1802.0,振り返る,ふりかえる
おっしゃる,おっしゃる,おっしゃらない,おっしゃった,おっしゃらなかった,おっしゃいます,おっしゃいません,おっしゃいました,おっしゃいません でした,おっしゃれる,おっしゃれない,おっしゃって,おっしゃらないで,おっしゃい,おっしゃる な,おっしゃろう,,おっしゃれば,おっしゃらなければ,おっしゃらせる,おっしゃらせない,おっしゃっちゃう,,おっしゃっちまう,,おっしゃい,,おっしゃいなさい,,おっしゃられる,おっしゃられない,おっしゃったら,おっしゃらなかったら,1809.0,断る,ことわる
詰まる,つまる,つまらない,つまった,つまらなかった,つまります,つまりません,つまりました,つまりません でした,つまれる,つまれない,つまって,つまらないで,つまれ,つまる な,つまろう,,つまれば,つまらなければ,つまらせる,つまらせない,つまっちゃう,,つまっちまう,,つまり,,つまりなさい,,つまられる,つまられない,つまったら,つまらなかったら,1816.0,誘う,さそう
下ろす,おろす,おろさない,おろした,おろさなかった,おろします,おろしません,おろしました,おろしません でした,おろせる,おろせない,おろして,おろさないで,おろせ,おろす な,おろそう,,おろせば,おろさなければ,おろさせる,おろさせない,おろしちゃう,,おろしちまう,,おろし,,おろしなさい,,おろされる,おろされない,おろしたら,おろさなかったら,1816.0,越える,こえる
広げる,ひろげる,ひろげない,ひろげた,ひろげなかった,ひろげます,ひろげません,ひろげました,ひろげません でした,ひろげられる,ひろげられない,ひろげて,ひろげないで,ひろげよ,ひろげる な,ひろげよう,,ひろげれば,ひろげなければ,ひろげさせる,ひろげさせない,ひろげちゃう,,ひろげちまう,,ひろげ,,ひろげなさい,,ひろげられる,ひろげられない,ひろげたら,ひろげなかったら,1824.0,取り出す,とりだす
任せる,まかせる,まかせない,まかせた,まかせなかった,まかせます,まかせません,まかせました,まかせません でした,まかせられる,まかせられない,まかせて,まかせないで,まかせよ,まかせる な,まかせよう,,まかせれば,まかせなければ,まかせさせる,まかせさせない,まかせちゃう,,まかせちまう,,まかせ,,まかせなさい,,まかせられる,まかせられない,まかせたら,まかせなかったら,1825.0,急ぐ,いそぐ
かく,かく,かかない,かいた,かかなかった,かきます,かきません,かきました,かきません でした,かける,かけない,かいて,かかないで,かけ,かく な,かこう,,かけば,かかなければ,かかせる,かかせない,かいちゃう,,かいちまう,,かき,,かきなさい,,かかれる,かかれない,かいたら,かかなかったら,1829.0,慌てる,あわてる
戻す,もどす,もどさない,もどした,もどさなかった,もどします,もどしません,もどしました,もどしません でした,もどせる,もどせない,もどして,もどさないで,もどせ,もどす な,もどそう,,もどせば,もどさなければ,もどさせる,もどさせない,もどしちゃう,,もどしちまう,,もどし,,もどしなさい,,もどされる,もどされない,もどしたら,もどさなかったら,1829.0,訴える,うったえる
休む,やすむ,やすまない,やすんだ,やすまなかった,やすみます,やすみません,やすみました,やすみません でした,やすめる,やすめない,やすんで,やすまないで,やすめ,やすむ な,やすもう,,やすめば,やすまなければ,やすませる,やすませない,やすんじゃう,,やすんじまう,,やすみ,,やすみなさい,,やすまれる,やすまれない,やすんだら,やすまなかったら,,,
遅れる,おくれる,おくれない,おくれた,おくれなかった,おくれます,おくれません,おくれました,おくれません でした,おくれられる,おくれられない,おくれて,おくれないで,おくれよ,おくれる な,おくれよう,,おくれれば,おくれなければ,おくれさせる,おくれさせない,おくれちゃう,,おくれちまう,,おくれ,,おくれなさい,,おくれられる,おくれられない,おくれたら,おくれなかったら,,,
重ねる,かさねる,かさねない,かさねた,かさねなかった,かさねます,かさねません,かさねました,かさねません でした,かさねられる,かさねられない,かさねて,かさねないで,かさねよ,かさねる な,かさねよう,,かさねれば,かさねなければ,かさねさせる,かさねさせない,かさねちゃう,,かさねちまう,,かさね,,かさねなさい,,かさねられる,かさねられない,かさねたら,かさねなかったら,1840.0,別れる,わかれる
足りる,たりる,たりない,たりた,たりなかった,たります,たりません,たりました,たりません でした,たりられる,たりられない,たりて,たりないで,たりよ,たりる な,たりよう,,たりれば,たりなければ,たりさせる,たりさせない,たりちゃう,,たりちまう,,たり,,たりなさい,,たりられる,たりられない,たりたら,たりなかったら,1846.0,伝わる,つたわる
見なす,みなす,みなさない,みなした,みなさなかった,みなします,みなしません,みなしました,みなしません でした,みなせる,みなせない,みなして,みなさないで,みなせ,みなす な,みなそう,,みなせば,みなさなければ,みなさせる,みなさせない,みなしちゃう,,みなしちまう,,みなし,,みなしなさい,,みなされる,みなされない,みなしたら,みなさなかったら,1865.0,参る,まいる
間違う,まちがう,まちがわない,まちがった,まちがわなかった,まちがいます,まちがいません,まちがいました,まちがいません でした,まちがえる,まちがえない,まちがって,まちがわないで,まちがえ,まちがう な,まちがおう,,まちがえば,まちがわなければ,まちがわせる,まちがわせない,まちがっちゃう,,まちがっちまう,,まちがい,,まちがいなさい,,まちがわれる,まちがわれない,まちがったら,まちがわなかったら,1872.0,尽くす,つくす
閉じる,とじる,とじない,とじた,とじなかった,とじます,とじません,とじました,とじません でした,とじられる,とじられない,とじて,とじないで,とじよ,とじる な,とじよう,,とじれば,とじなければ,とじさせる,とじさせない,とじちゃう,,とじちまう,,とじ,,とじなさい,,とじられる,とじられない,とじたら,とじなかったら,1874.0,移る,うつる
保つ,たもつ,たもたない,たもった,たもたなかった,たもちます,たもちません,たもちました,たもちません でした,たもてる,たもてない,たもって,たもたないで,たもて,たもつ な,たもとう,,たもてば,たもたなければ,たもたせる,たもたせない,たもっちゃう,,たもっちまう,,たもち,,たもちなさい,,たもたれる,たもたれない,たもったら,たもたなかったら,1874.0,告げる,つげる
吸う,すう,すわない,すった,すわなかった,すいます,すいません,すいました,すいません でした,すえる,すえない,すって,すわないで,すえ,すう な,すおう,,すえば,すわなければ,すわせる,すわせない,すっちゃう,,すっちまう,,すい,,すいなさい,,すわれる,すわれない,すったら,すわなかったら,1878.0,仰る,おっしゃる
耐える,たえる,たえない,たえた,たえなかった,たえます,たえません,たえました,たえません でした,たえられる,たえられない,たえて,たえないで,たえよ,たえる な,たえよう,,たえれば,たえなければ,たえさせる,たえさせない,たえちゃう,,たえちまう,,たえ,,たえなさい,,たえられる,たえられない,たえたら,たえなかったら,1884.0,詰まる,つまる
あきらめる,あきらめる,あきらめない,あきらめた,あきらめなかった,あきらめます,あきらめません,あきらめました,あきらめません でした,あきらめられる,あきらめられない,あきらめて,あきらめないで,あきらめよ,あきらめる な,あきらめよう,,あきらめれば,あきらめなければ,あきらめさせる,あきらめさせない,あきらめちゃう,,あきらめちまう,,あきらめ,,あきらめなさい,,あきらめられる,あきらめられない,あきらめたら,あきらめなかったら,1897.0,下ろす,おろす
訪ねる,たずねる,たずねない,たずねた,たずねなかった,たずねます,たずねません,たずねました,たずねません でした,たずねられる,たずねられない,たずねて,たずねないで,たずねよ,たずねる な,たずねよう,,たずねれば,たずねなければ,たずねさせる,たずねさせない,たずねちゃう,,たずねちまう,,たずね,,たずねなさい,,たずねられる,たずねられない,たずねたら,たずねなかったら,1900.0,広げる,ひろげる
生かす,いかす,いかさない,いかした,いかさなかった,いかします,いかしません,いかしました,いかしません でした,いかせる,いかせない,いかして,いかさないで,いかせ,いかす な,いかそう,,いかせば,いかさなければ,いかさせる,いかさせない,いかしちゃう,,いかしちまう,,いかし,,いかしなさい,,いかされる,いかされない,いかしたら,いかさなかったら,1912.0,任せる,まかせる
下がる,さがる,さがらない,さがった,さがらなかった,さがります,さがりません,さがりました,さがりません でした,さがれる,さがれない,さがって,さがらないで,さがれ,さがる な,さがろう,,さがれば,さがらなければ,さがらせる,さがらせない,さがっちゃう,,さがっちまう,,さがり,,さがりなさい,,さがられる,さがられない,さがったら,さがらなかったら,1928.0,掻く,かく
確かめる,たしかめる,たしかめない,たしかめた,たしかめなかった,たしかめます,たしかめません,たしかめました,たしかめません でした,たしかめられる,たしかめられない,たしかめて,たしかめないで,たしかめよ,たしかめる な,たしかめよう,,たしかめれば,たしかめなければ,たしかめさせる,たしかめさせない,たしかめちゃう,,たしかめちまう,,たしかめ,,たしかめなさい,,たしかめられる,たしかめられない,たしかめたら,たしかめなかったら,1947.0,戻す,もどす
鳴る,なる,ならない,なった,ならなかった,なります,なりません,なりました,なりません でした,なれる,なれない,なって,ならないで,なれ,なる な,なろう,,なれば,ならなければ,ならせる,ならせない,なっちゃう,,なっちまう,,なり,,なりなさい,,なられる,なられない,なったら,ならなかったら,1949.0,休む,やすむ
目立つ,めだつ,めだたない,めだった,めだたなかった,めだちます,めだちません,めだちました,めだちません でした,めだてる,めだてない,めだって,めだたないで,めだて,めだつ な,めだとう,,めだてば,めだたなければ,めだたせる,めだたせない,めだっちゃう,,めだっちまう,,めだち,,めだちなさい,,めだたれる,めだたれない,めだったら,めだたなかったら,1954.0,遅れる,おくれる
掲げる,かかげる,かかげない,かかげた,かかげなかった,かかげます,かかげません,かかげました,かかげません でした,かかげられる,かかげられない,かかげて,かかげないで,かかげよ,かかげる な,かかげよう,,かかげれば,かかげなければ,かかげさせる,かかげさせない,かかげちゃう,,かかげちまう,,かかげ,,かかげなさい,,かかげられる,かかげられない,かかげたら,かかげなかったら,1962.0,重ねる,かさねる
移す,うつす,うつさない,うつした,うつさなかった,うつします,うつしません,うつしました,うつしません でした,うつせる,うつせない,うつして,うつさないで,うつせ,うつす な,うつそう,,うつせば,うつさなければ,うつさせる,うつさせない,うつしちゃう,,うつしちまう,,うつし,,うつしなさい,,うつされる,うつされない,うつしたら,うつさなかったら,1964.0,足りる,たりる
並べる,ならべる,ならべない,ならべた,ならべなかった,ならべます,ならべません,ならべました,ならべません でした,ならべられる,ならべられない,ならべて,ならべないで,ならべよ,ならべる な,ならべよう,,ならべれば,ならべなければ,ならべさせる,ならべさせない,ならべちゃう,,ならべちまう,,ならべ,,ならべなさい,,ならべられる,ならべられない,ならべたら,ならべなかったら,1964.0,見なす,みなす
高める,たかめる,たかめない,たかめた,たかめなかった,たかめます,たかめません,たかめました,たかめません でした,たかめられる,たかめられない,たかめて,たかめないで,たかめよ,たかめる な,たかめよう,,たかめれば,たかめなければ,たかめさせる,たかめさせない,たかめちゃう,,たかめちまう,,たかめ,,たかめなさい,,たかめられる,たかめられない,たかめたら,たかめなかったら,1982.0,間違う,まちがう
奪う,うばう,うばわない,うばった,うばわなかった,うばいます,うばいません,うばいました,うばいません でした,うばえる,うばえない,うばって,うばわないで,うばえ,うばう な,うばおう,,うばえば,うばわなければ,うばわせる,うばわせない,うばっちゃう,,うばっちまう,,うばい,,うばいなさい,,うばわれる,うばわれない,うばったら,うばわなかったら,1982.0,閉じる,とじる
こうむる,こうむる,こうむらない,こうむった,こうむらなかった,こうむります,こうむりません,こうむりました,こうむりません でした,こうむれる,こうむれない,こうむって,こうむらないで,こうむれ,こうむる な,こうむろう,,こうむれば,こうむらなければ,こうむらせる,こうむらせない,こうむっちゃう,,こうむっちまう,,こうむり,,こうむりなさい,,こうむられる,こうむられない,こうむったら,こうむらなかったら,1987.0,保つ,たもつ
疑う,うたがう,うたがわない,うたがった,うたがわなかった,うたがいます,うたがいません,うたがいました,うたがいません でした,うたがえる,うたがえない,うたがって,うたがわないで,うたがえ,うたがう な,うたがおう,,うたがえば,うたがわなければ,うたがわせる,うたがわせない,うたがっちゃう,,うたがっちまう,,うたがい,,うたがいなさい,,うたがわれる,うたがわれない,うたがったら,うたがわなかったら,1993.0,吸う,すう
履く,はく,はかない,はいた,はかなかった,はきます,はきません,はきました,はきません でした,はける,はけない,はいて,はかないで,はけ,はく な,はこう,,はけば,はかなければ,はかせる,はかせない,はいちゃう,,はいちまう,,はき,,はきなさい,,はかれる,はかれない,はいたら,はかなかったら,2008.0,諦める,あきらめる
生み出す,うみだす,うみださない,うみだした,うみださなかった,うみだします,うみだしません,うみだしました,うみだしません でした,うみだせる,うみだせない,うみだして,うみださないで,うみだせ,うみだす な,うみだそう,,うみだせば,うみださなければ,うみださせる,うみださせない,うみだしちゃう,,うみだしちまう,,うみだし,,うみだしなさい,,うみだされる,うみだされない,うみだしたら,うみださなかったら,2008.0,耐える,たえる
迷う,まよう,まよわない,まよった,まよわなかった,まよいます,まよいません,まよいました,まよいません でした,まよえる,まよえない,まよって,まよわないで,まよえ,まよう な,まよおう,,まよえば,まよわなければ,まよわせる,まよわせない,まよっちゃう,,まよっちまう,,まよい,,まよいなさい,,まよわれる,まよわれない,まよったら,まよわなかったら,2010.0,訪ねる,たずねる
襲う,おそう,おそわない,おそった,おそわなかった,おそいます,おそいません,おそいました,おそいません でした,おそえる,おそえない,おそって,おそわないで,おそえ,おそう な,おそおう,,おそえば,おそわなければ,おそわせる,おそわせない,おそっちゃう,,おそっちまう,,おそい,,おそいなさい,,おそわれる,おそわれない,おそったら,おそわなかったら,2017.0,生かす,いかす
はさむ,はさむ,はさまない,はさんだ,はさまなかった,はさみます,はさみません,はさみました,はさみません でした,はさめる,はさめない,はさんで,はさまないで,はさめ,はさむ な,はさもう,,はさめば,はさまなければ,はさませる,はさませない,はさんじゃう,,はさんじまう,,はさみ,,はさみなさい,,はさまれる,はさまれない,はさんだら,はさまなかったら,2019.0,下がる,さがる
上る,のぼる,のぼらない,のぼった,のぼらなかった,のぼります,のぼりません,のぼりました,のぼりません でした,のぼれる,のぼれない,のぼって,のぼらないで,のぼれ,のぼる な,のぼろう,,のぼれば,のぼらなければ,のぼらせる,のぼらせない,のぼっちゃう,,のぼっちまう,,のぼり,,のぼりなさい,,のぼられる,のぼられない,のぼったら,のぼらなかったら,2030.0,確かめる,たしかめる
つなぐ,つなぐ,つながない,つないだ,つながなかった,つなぎます,つなぎません,つなぎました,つなぎません でした,つなげる,つなげない,つないで,つながないで,つなげ,つなぐ な,つなごう,,つなげば,つながなければ,つながせる,つながせない,つないじゃう,,つないじまう,,つなぎ,,つなぎなさい,,つながれる,つながれない,つないだら,つながなかったら,2045.0,鳴る,なる
降る,ふる,ふらない,ふった,ふらなかった,ふります,ふりません,ふりました,ふりません でした,ふれる,ふれない,ふって,ふらないで,ふれ,ふる な,ふろう,,ふれば,ふらなければ,ふらせる,ふらせない,ふっちゃう,,ふっちまう,,ふり,,ふりなさい,,ふられる,ふられない,ふったら,ふらなかったら,2050.0,目立つ,めだつ
組む,くむ,くまない,くんだ,くまなかった,くみます,くみません,くみました,くみません でした,くめる,くめない,くんで,くまないで,くめ,くむ な,くもう,,くめば,くまなければ,くませる,くませない,くんじゃう,,くんじまう,,くみ,,くみなさい,,くまれる,くまれない,くんだら,くまなかったら,2055.0,掲げる,かかげる
取り組む,とりくむ,とりくまない,とりくんだ,とりくまなかった,とりくみます,とりくみません,とりくみました,とりくみません でした,とりくめる,とりくめない,とりくんで,とりくまないで,とりくめ,とりくむ な,とりくもう,,とりくめば,とりくまなければ,とりくませる,とりくませない,とりくんじゃう,,とりくんじまう,,とりくみ,,とりくみなさい,,とりくまれる,とりくまれない,とりくんだら,とりくまなかったら,2061.0,移す,うつす
負う,おう,おわない,おった,おわなかった,おいます,おいません,おいました,おいません でした,おえる,おえない,おって,おわないで,おえ,おう な,おおう,,おえば,おわなければ,おわせる,おわせない,おっちゃう,,おっちまう,,おい,,おいなさい,,おわれる,おわれない,おったら,おわなかったら,2062.0,並べる,ならべる
載る,のる,のらない,のった,のらなかった,のります,のりません,のりました,のりません でした,のれる,のれない,のって,のらないで,のれ,のる な,のろう,,のれば,のらなければ,のらせる,のらせない,のっちゃう,,のっちまう,,のり,,のりなさい,,のられる,のられない,のったら,のらなかったら,2067.0,高める,たかめる
倒れる,たおれる,たおれない,たおれた,たおれなかった,たおれます,たおれません,たおれました,たおれません でした,たおれられる,たおれられない,たおれて,たおれないで,たおれよ,たおれる な,たおれよう,,たおれれば,たおれなければ,たおれさせる,たおれさせない,たおれちゃう,,たおれちまう,,たおれ,,たおれなさい,,たおれられる,たおれられない,たおれたら,たおれなかったら,2069.0,奪う,うばう
響く,どよめく,どよめかない,どよめいた,どよめかなかった,どよめきます,どよめきません,どよめきました,どよめきません でした,どよめける,どよめけない,どよめいて,どよめかないで,どよめけ,どよめく な,どよめこう,,どよめけば,どよめかなければ,どよめかせる,どよめかせない,どよめいちゃう,,どよめいちまう,,どよめき,,どよめきなさい,,どよめかれる,どよめかれない,どよめいたら,どよめかなかったら,2074.0,被る,こうむる
撮る,とる,とらない,とった,とらなかった,とります,とりません,とりました,とりません でした,とれる,とれない,とって,とらないで,とれ,とる な,とろう,,とれば,とらなければ,とらせる,とらせない,とっちゃう,,とっちまう,,とり,,とりなさい,,とられる,とられない,とったら,とらなかったら,2077.0,疑う,うたがう
応える,こたえる,こたえない,こたえた,こたえなかった,こたえます,こたえません,こたえました,こたえません でした,こたえられる,こたえられない,こたえて,こたえないで,こたえよ,こたえる な,こたえよう,,こたえれば,こたえなければ,こたえさせる,こたえさせない,こたえちゃう,,こたえちまう,,こたえ,,こたえなさい,,こたえられる,こたえられない,こたえたら,こたえなかったら,2086.0,履く,はく
止まる,やまる,やまらない,やまった,やまらなかった,やまります,やまりません,やまりました,やまりません でした,やまれる,やまれない,やまって,やまらないで,やまれ,やまる な,やまろう,,やまれば,やまらなければ,やまらせる,やまらせない,やまっちゃう,,やまっちまう,,やまり,,やまりなさい,,やまられる,やまられない,やまったら,やまらなかったら,2089.0,生み出す,うみだす
さす,さす,ささない,さした,ささなかった,さします,さしません,さしました,さしません でした,させる,させない,さして,ささないで,させ,さす な,さそう,,させば,ささなければ,ささせる,ささせない,さしちゃう,,さしちまう,,さし,,さしなさい,,さされる,さされない,さしたら,ささなかったら,2093.0,迷う,まよう
狙う,ねらう,ねらわない,ねらった,ねらわなかった,ねらいます,ねらいません,ねらいました,ねらいません でした,ねらえる,ねらえない,ねらって,ねらわないで,ねらえ,ねらう な,ねらおう,,ねらえば,ねらわなければ,ねらわせる,ねらわせない,ねらっちゃう,,ねらっちまう,,ねらい,,ねらいなさい,,ねらわれる,ねらわれない,ねらったら,ねらわなかったら,2098.0,襲う,おそう
救う,すくう,すくわない,すくった,すくわなかった,すくいます,すくいません,すくいました,すくいません でした,すくえる,すくえない,すくって,すくわないで,すくえ,すくう な,すくおう,,すくえば,すくわなければ,すくわせる,すくわせない,すくっちゃう,,すくっちまう,,すくい,,すくいなさい,,すくわれる,すくわれない,すくったら,すくわなかったら,,,
満たす,みたす,みたさない,みたした,みたさなかった,みたします,みたしません,みたしました,みたしません でした,みたせる,みたせない,みたして,みたさないで,みたせ,みたす な,みたそう,,みたせば,みたさなければ,みたさせる,みたさせない,みたしちゃう,,みたしちまう,,みたし,,みたしなさい,,みたされる,みたされない,みたしたら,みたさなかったら,2106.0,挟む,はさむ
伸びる,のびる,のびない,のびた,のびなかった,のびます,のびません,のびました,のびません でした,のびられる,のびられない,のびて,のびないで,のびよ,のびる な,のびよう,,のびれば,のびなければ,のびさせる,のびさせない,のびちゃう,,のびちまう,,のび,,のびなさい,,のびられる,のびられない,のびたら,のびなかったら,2109.0,登る,のぼる
説く,とく,とかない,といた,とかなかった,ときます,ときません,ときました,ときません でした,とける,とけない,といて,とかないで,とけ,とく な,とこう,,とけば,とかなければ,とかせる,とかせない,といちゃう,,といちまう,,とき,,ときなさい,,とかれる,とかれない,といたら,とかなかったら,,,
貸す,かす,かさない,かした,かさなかった,かします,かしません,かしました,かしません でした,かせる,かせない,かして,かさないで,かせ,かす な,かそう,,かせば,かさなければ,かさせる,かさせない,かしちゃう,,かしちまう,,かし,,かしなさい,,かされる,かされない,かしたら,かさなかったら,2112.0,繋ぐ,つなぐ
加わる,くわわる,くわわらない,くわわった,くわわらなかった,くわわります,くわわりません,くわわりました,くわわりません でした,くわわれる,くわわれない,くわわって,くわわらないで,くわわれ,くわわる な,くわわろう,,くわわれば,くわわらなければ,くわわらせる,くわわらせない,くわわっちゃう,,くわわっちまう,,くわわり,,くわわりなさい,,くわわられる,くわわられない,くわわったら,くわわらなかったら,2125.0,降る,ふる
絶える,たえる,たえない,たえた,たえなかった,たえます,たえません,たえました,たえません でした,たえられる,たえられない,たえて,たえないで,たえよ,たえる な,たえよう,,たえれば,たえなければ,たえさせる,たえさせない,たえちゃう,,たえちまう,,たえ,,たえなさい,,たえられる,たえられない,たえたら,たえなかったら,2126.0,組む,くむ
覆う,おおう,おおわない,おおった,おおわなかった,おおいます,おおいません,おおいました,おおいません でした,おおえる,おおえない,おおって,おおわないで,おおえ,おおう な,おおおう,,おおえば,おおわなければ,おおわせる,おおわせない,おおっちゃう,,おおっちまう,,おおい,,おおいなさい,,おおわれる,おおわれない,おおったら,おおわなかったら,2139.0,取り組む,とりくむ
務める,つとめる,つとめない,つとめた,つとめなかった,つとめます,つとめません,つとめました,つとめません でした,つとめられる,つとめられない,つとめて,つとめないで,つとめよ,つとめる な,つとめよう,,つとめれば,つとめなければ,つとめさせる,つとめさせない,つとめちゃう,,つとめちまう,,つとめ,,つとめなさい,,つとめられる,つとめられない,つとめたら,つとめなかったら,2141.0,負う,おう
利く,きく,きかない,きいた,きかなかった,ききます,ききません,ききました,ききません でした,きける,きけない,きいて,きかないで,きけ,きく な,きこう,,きけば,きかなければ,きかせる,きかせない,きいちゃう,,きいちまう,,きき,,ききなさい,,きかれる,きかれない,きいたら,きかなかったら,2149.0,載る,のる
分かれる,わかれる,わかれない,わかれた,わかれなかった,わかれます,わかれません,わかれました,わかれません でした,わかれられる,わかれられない,わかれて,わかれないで,わかれよ,わかれる な,わかれよう,,わかれれば,わかれなければ,わかれさせる,わかれさせない,わかれちゃう,,わかれちまう,,わかれ,,わかれなさい,,わかれられる,わかれられない,わかれたら,わかれなかったら,2154.0,倒れる,たおれる
下る,くだる,くだらない,くだった,くだらなかった,くだります,くだりません,くだりました,くだりません でした,くだれる,くだれない,くだって,くだらないで,くだれ,くだる な,くだろう,,くだれば,くだらなければ,くだらせる,くだらせない,くだっちゃう,,くだっちまう,,くだり,,くだりなさい,,くだられる,くだられない,くだったら,くだらなかったら,2171.0,撮る,とる
やむ,やむ,やまない,やんだ,やまなかった,やみます,やみません,やみました,やみません でした,やめる,やめない,やんで,やまないで,やめ,やむ な,やもう,,やめば,やまなければ,やませる,やませない,やんじゃう,,やんじまう,,やみ,,やみなさい,,やまれる,やまれない,やんだら,やまなかったら,2171.0,響く,ひびく
見かける,みかける,みかけない,みかけた,みかけなかった,みかけます,みかけません,みかけました,みかけません でした,みかけられる,みかけられない,みかけて,みかけないで,みかけよ,みかける な,みかけよう,,みかければ,みかけなければ,みかけさせる,みかけさせない,みかけちゃう,,みかけちまう,,みかけ,,みかけなさい,,みかけられる,みかけられない,みかけたら,みかけなかったら,2181.0,応える,こたえる
うかがう,うかがう,うかがわない,うかがった,うかがわなかった,うかがいます,うかがいません,うかがいました,うかがいません でした,うかがえる,うかがえない,うかがって,うかがわないで,うかがえ,うかがう な,うかがおう,,うかがえば,うかがわなければ,うかがわせる,うかがわせない,うかがっちゃう,,うかがっちまう,,うかがい,,うかがいなさい,,うかがわれる,うかがわれない,うかがったら,うかがわなかったら,2191.0,留まる,とまる
輝く,かがやく,かがやかない,かがやいた,かがやかなかった,かがやきます,かがやきません,かがやきました,かがやきません でした,かがやける,かがやけない,かがやいて,かがやかないで,かがやけ,かがやく な,かがやこう,,かがやけば,かがやかなければ,かがやかせる,かがやかせない,かがやいちゃう,,かがやいちまう,,かがやき,,かがやきなさい,,かがやかれる,かがやかれない,かがやいたら,かがやかなかったら,2192.0,指す,さす
招く,まねく,まねかない,まねいた,まねかなかった,まねきます,まねきません,まねきました,まねきません でした,まねける,まねけない,まねいて,まねかないで,まねけ,まねく な,まねこう,,まねけば,まねかなければ,まねかせる,まねかせない,まねいちゃう,,まねいちまう,,まねき,,まねきなさい,,まねかれる,まねかれない,まねいたら,まねかなかったら,,,
寄せる,よせる,よせない,よせた,よせなかった,よせます,よせません,よせました,よせません でした,よせられる,よせられない,よせて,よせないで,よせよ,よせる な,よせよう,,よせれば,よせなければ,よせさせる,よせさせない,よせちゃう,,よせちまう,,よせ,,よせなさい,,よせられる,よせられない,よせたら,よせなかったら,2225.0,狙う,ねらう
抑える,おさえる,おさえない,おさえた,おさえなかった,おさえます,おさえません,おさえました,おさえません でした,おさえられる,おさえられない,おさえて,おさえないで,おさえよ,おさえる な,おさえよう,,おさえれば,おさえなければ,おさえさせる,おさえさせない,おさえちゃう,,おさえちまう,,おさえ,,おさえなさい,,おさえられる,おさえられない,おさえたら,おさえなかったら,2239.0,救う,すくう
沿う,そう,そわない,そった,そわなかった,そいます,そいません,そいました,そいません でした,そえる,そえない,そって,そわないで,そえ,そう な,そおう,,そえば,そわなければ,そわせる,そわせない,そっちゃう,,そっちまう,,そい,,そいなさい,,そわれる,そわれない,そったら,そわなかったら,2251.0,満たす,みたす
あふれる,あふれる,あふれない,あふれた,あふれなかった,あふれます,あふれません,あふれました,あふれません でした,あふれられる,あふれられない,あふれて,あふれないで,あふれよ,あふれる な,あふれよう,,あふれれば,あふれなければ,あふれさせる,あふれさせない,あふれちゃう,,あふれちまう,,あふれ,,あふれなさい,,あふれられる,あふれられない,あふれたら,あふれなかったら,2256.0,伸びる,のびる
すく,すく,すかない,すいた,すかなかった,すきます,すきません,すきました,すきません でした,すける,すけない,すいて,すかないで,すけ,すく な,すこう,,すけば,すかなければ,すかせる,すかせない,すいちゃう,,すいちまう,,すき,,すきなさい,,すかれる,すかれない,すいたら,すかなかったら,2272.0,説く,とく
光る,ひかる,ひからない,ひかった,ひからなかった,ひかります,ひかりません,ひかりました,ひかりません でした,ひかれる,ひかれない,ひかって,ひからないで,ひかれ,ひかる な,ひかろう,,ひかれば,ひからなければ,ひからせる,ひからせない,ひかっちゃう,,ひかっちまう,,ひかり,,ひかりなさい,,ひかられる,ひかられない,ひかったら,ひからなかったら,2273.0,貸す,かす
促す,うながす,うながさない,うながした,うながさなかった,うながします,うながしません,うながしました,うながしません でした,うながせる,うながせない,うながして,うながさないで,うながせ,うながす な,うながそう,,うながせば,うながさなければ,うながさせる,うながさせない,うながしちゃう,,うながしちまう,,うながし,,うながしなさい,,うながされる,うながされない,うながしたら,うながさなかったら,2276.0,加わる,くわわる
込める,こめる,こめない,こめた,こめなかった,こめます,こめません,こめました,こめません でした,こめられる,こめられない,こめて,こめないで,こめよ,こめる な,こめよう,,こめれば,こめなければ,こめさせる,こめさせない,こめちゃう,,こめちまう,,こめ,,こめなさい,,こめられる,こめられない,こめたら,こめなかったら,2276.0,絶える,たえる
囲む,かこむ,かこまない,かこんだ,かこまなかった,かこみます,かこみません,かこみました,かこみません でした,かこめる,かこめない,かこんで,かこまないで,かこめ,かこむ な,かこもう,,かこめば,かこまなければ,かこませる,かこませない,かこんじゃう,,かこんじまう,,かこみ,,かこみなさい,,かこまれる,かこまれない,かこんだら,かこまなかったら,2295.0,覆う,おおう
塗る,ぬる,ぬらない,ぬった,ぬらなかった,ぬります,ぬりません,ぬりました,ぬりません でした,ぬれる,ぬれない,ぬって,ぬらないで,ぬれ,ぬる な,ぬろう,,ぬれば,ぬらなければ,ぬらせる,ぬらせない,ぬっちゃう,,ぬっちまう,,ぬり,,ぬりなさい,,ぬられる,ぬられない,ぬったら,ぬらなかったら,2295.0,務める,つとめる
防ぐ,ふせぐ,ふせがない,ふせいだ,ふせがなかった,ふせぎます,ふせぎません,ふせぎました,ふせぎません でした,ふせげる,ふせげない,ふせいで,ふせがないで,ふせげ,ふせぐ な,ふせごう,,ふせげば,ふせがなければ,ふせがせる,ふせがせない,ふせいじゃう,,ふせいじまう,,ふせぎ,,ふせぎなさい,,ふせがれる,ふせがれない,ふせいだら,ふせがなかったら,2305.0,利く,きく
抑える,おさえる,おさえない,おさえた,おさえなかった,おさえます,おさえません,おさえました,おさえません でした,おさえられる,おさえられない,おさえて,おさえないで,おさえよ,おさえる な,おさえよう,,おさえれば,おさえなければ,おさえさせる,おさえさせない,おさえちゃう,,おさえちまう,,おさえ,,おさえなさい,,おさえられる,おさえられない,おさえたら,おさえなかったら,2311.0,分かれる,わかれる
注ぐ,つぐ,つがない,ついだ,つがなかった,つぎます,つぎません,つぎました,つぎません でした,つげる,つげない,ついで,つがないで,つげ,つぐ な,つごう,,つげば,つがなければ,つがせる,つがせない,ついじゃう,,ついじまう,,つぎ,,つぎなさい,,つがれる,つがれない,ついだら,つがなかったら,2319.0,下る,くだる
引っ張る,ひっぱる,ひっぱらない,ひっぱった,ひっぱらなかった,ひっぱります,ひっぱりません,ひっぱりました,ひっぱりません でした,ひっぱれる,ひっぱれない,ひっぱって,ひっぱらないで,ひっぱれ,ひっぱる な,ひっぱろう,,ひっぱれば,ひっぱらなければ,ひっぱらせる,ひっぱらせない,ひっぱっちゃう,,ひっぱっちまう,,ひっぱり,,ひっぱりなさい,,ひっぱられる,ひっぱられない,ひっぱったら,ひっぱらなかったら,2329.0,止む,やむ
切れる,きれる,きれない,きれた,きれなかった,きれます,きれません,きれました,きれません でした,きれられる,きれられない,きれて,きれないで,きれよ,きれる な,きれよう,,きれれば,きれなければ,きれさせる,きれさせない,きれちゃう,,きれちまう,,きれ,,きれなさい,,きれられる,きれられない,きれたら,きれなかったら,2329.0,見掛ける,みかける
陥る,おちいる,おちいらない,おちいった,おちいらなかった,おちいります,おちいりません,おちいりました,おちいりません でした,おちいれる,おちいれない,おちいって,おちいらないで,おちいれ,おちいる な,おちいろう,,おちいれば,おちいらなければ,おちいらせる,おちいらせない,おちいっちゃう,,おちいっちまう,,おちいり,,おちいりなさい,,おちいられる,おちいられない,おちいったら,おちいらなかったら,2334.0,窺う,うかがう
数える,かぞえる,かぞえない,かぞえた,かぞえなかった,かぞえます,かぞえません,かぞえました,かぞえません でした,かぞえられる,かぞえられない,かぞえて,かぞえないで,かぞえよ,かぞえる な,かぞえよう,,かぞえれば,かぞえなければ,かぞえさせる,かぞえさせない,かぞえちゃう,,かぞえちまう,,かぞえ,,かぞえなさい,,かぞえられる,かぞえられない,かぞえたら,かぞえなかったら,2337.0,輝く,かがやく
隠れる,かくれる,かくれない,かくれた,かくれなかった,かくれます,かくれません,かくれました,かくれません でした,かくれられる,かくれられない,かくれて,かくれないで,かくれよ,かくれる な,かくれよう,,かくれれば,かくれなければ,かくれさせる,かくれさせない,かくれちゃう,,かくれちまう,,かくれ,,かくれなさい,,かくれられる,かくれられない,かくれたら,かくれなかったら,2343.0,招く,まねく
咲く,さく,さかない,さいた,さかなかった,さきます,さきません,さきました,さきません でした,さける,さけない,さいて,さかないで,さけ,さく な,さこう,,さけば,さかなければ,さかせる,さかせない,さいちゃう,,さいちまう,,さき,,さきなさい,,さかれる,さかれない,さいたら,さかなかったら,2379.0,寄せる,よせる
高まる,たかまる,たかまらない,たかまった,たかまらなかった,たかまります,たかまりません,たかまりました,たかまりません でした,たかまれる,たかまれない,たかまって,たかまらないで,たかまれ,たかまる な,たかまろう,,たかまれば,たかまらなければ,たかまらせる,たかまらせない,たかまっちゃう,,たかまっちまう,,たかまり,,たかまりなさい,,たかまられる,たかまられない,たかまったら,たかまらなかったら,2384.0,抑える,おさえる
備える,そなえる,そなえない,そなえた,そなえなかった,そなえます,そなえません,そなえました,そなえません でした,そなえられる,そなえられない,そなえて,そなえないで,そなえよ,そなえる な,そなえよう,,そなえれば,そなえなければ,そなえさせる,そなえさせない,そなえちゃう,,そなえちまう,,そなえ,,そなえなさい,,そなえられる,そなえられない,そなえたら,そなえなかったら,2384.0,沿う,そう
作り出す,つくりだす,つくりださない,つくりだした,つくりださなかった,つくりだします,つくりだしません,つくりだしました,つくりだしません でした,つくりだせる,つくりだせない,つくりだして,つくりださないで,つくりだせ,つくりだす な,つくりだそう,,つくりだせば,つくりださなければ,つくりださせる,つくりださせない,つくりだしちゃう,,つくりだしちまう,,つくりだし,,つくりだしなさい,,つくりだされる,つくりだされない,つくりだしたら,つくりださなかったら,2394.0,溢れる,あふれる
見いだす,みいだす,みいださない,みいだした,みいださなかった,みいだします,みいだしません,みいだしました,みいだしません でした,みいだせる,みいだせない,みいだして,みいださないで,みいだせ,みいだす な,みいだそう,,みいだせば,みいださなければ,みいださせる,みいださせない,みいだしちゃう,,みいだしちまう,,みいだし,,みいだしなさい,,みいだされる,みいだされない,みいだしたら,みいださなかったら,2401.0,空く,すく
浮かべる,うかべる,うかべない,うかべた,うかべなかった,うかべます,うかべません,うかべました,うかべません でした,うかべられる,うかべられない,うかべて,うかべないで,うかべよ,うかべる な,うかべよう,,うかべれば,うかべなければ,うかべさせる,うかべさせない,うかべちゃう,,うかべちまう,,うかべ,,うかべなさい,,うかべられる,うかべられない,うかべたら,うかべなかったら,2408.0,光る,ひかる
申し上げる,もうしあげる,もうしあげない,もうしあげた,もうしあげなかった,もうしあげます,もうしあげません,もうしあげました,もうしあげません でした,もうしあげられる,もうしあげられない,もうしあげて,もうしあげないで,もうしあげよ,もうしあげる な,もうしあげよう,,もうしあげれば,もうしあげなければ,もうしあげさせる,もうしあげさせない,もうしあげちゃう,,もうしあげちまう,,もうしあげ,,もうしあげなさい,,もうしあげられる,もうしあげられない,もうしあげたら,もうしあげなかったら,,,
寄る,よる,よらない,よった,よらなかった,よります,よりません,よりました,よりません でした,よれる,よれない,よって,よらないで,よれ,よる な,よろう,,よれば,よらなければ,よらせる,よらせない,よっちゃう,,よっちまう,,より,,よりなさい,,よられる,よられない,よったら,よらなかったら,2417.0,促す,うながす
味わう,あじわう,あじわわない,あじわった,あじわわなかった,あじわいます,あじわいません,あじわいました,あじわいません でした,あじわえる,あじわえない,あじわって,あじわわないで,あじわえ,あじわう な,あじわおう,,あじわえば,あじわわなければ,あじわわせる,あじわわせない,あじわっちゃう,,あじわっちまう,,あじわい,,あじわいなさい,,あじわわれる,あじわわれない,あじわったら,あじわわなかったら,2419.0,込める,こめる
しかる,しかる,しからない,しかった,しからなかった,しかります,しかりません,しかりました,しかりません でした,しかれる,しかれない,しかって,しからないで,しかれ,しかる な,しかろう,,しかれば,しからなければ,しからせる,しからせない,しかっちゃう,,しかっちまう,,しかり,,しかりなさい,,しかられる,しかられない,しかったら,しからなかったら,,,
やめる,やめる,やめない,やめた,やめなかった,やめます,やめません,やめました,やめません でした,やめられる,やめられない,やめて,やめないで,やめよ,やめる な,やめよう,,やめれば,やめなければ,やめさせる,やめさせない,やめちゃう,,やめちまう,,やめ,,やめなさい,,やめられる,やめられない,やめたら,やめなかったら,2420.0,囲む,かこむ
整える,ととのえる,ととのえない,ととのえた,ととのえなかった,ととのえます,ととのえません,ととのえました,ととのえません でした,ととのえられる,ととのえられない,ととのえて,ととのえないで,ととのえよ,ととのえる な,ととのえよう,,ととのえれば,ととのえなければ,ととのえさせる,ととのえさせない,ととのえちゃう,,ととのえちまう,,ととのえ,,ととのえなさい,,ととのえられる,ととのえられない,ととのえたら,ととのえなかったら,2437.0,塗る,ぬる
増す,ます,まさない,ました,まさなかった,まします,ましません,ましました,ましません でした,ませる,ませない,まして,まさないで,ませ,ます な,まそう,,ませば,まさなければ,まさせる,まさせない,ましちゃう,,ましちまう,,まし,,ましなさい,,まされる,まされない,ましたら,まさなかったら,2437.0,防ぐ,ふせぐ
震える,ふるえる,ふるえない,ふるえた,ふるえなかった,ふるえます,ふるえません,ふるえました,ふるえません でした,ふるえられる,ふるえられない,ふるえて,ふるえないで,ふるえよ,ふるえる な,ふるえよう,,ふるえれば,ふるえなければ,ふるえさせる,ふるえさせない,ふるえちゃう,,ふるえちまう,,ふるえ,,ふるえなさい,,ふるえられる,ふるえられない,ふるえたら,ふるえなかったら,,,
代わる,かわる,かわらない,かわった,かわらなかった,かわります,かわりません,かわりました,かわりません でした,かわれる,かわれない,かわって,かわらないで,かわれ,かわる な,かわろう,,かわれば,かわらなければ,かわらせる,かわらせない,かわっちゃう,,かわっちまう,,かわり,,かわりなさい,,かわられる,かわられない,かわったら,かわらなかったら,2443.0,押さえる,おさえる
たどる,たどる,たどらない,たどった,たどらなかった,たどります,たどりません,たどりました,たどりません でした,たどれる,たどれない,たどって,たどらないで,たどれ,たどる な,たどろう,,たどれば,たどらなければ,たどらせる,たどらせない,たどっちゃう,,たどっちまう,,たどり,,たどりなさい,,たどられる,たどられない,たどったら,たどらなかったら,2447.0,注ぐ,そそぐ
試す,ためす,ためさない,ためした,ためさなかった,ためします,ためしません,ためしました,ためしません でした,ためせる,ためせない,ためして,ためさないで,ためせ,ためす な,ためそう,,ためせば,ためさなければ,ためさせる,ためさせない,ためしちゃう,,ためしちまう,,ためし,,ためしなさい,,ためされる,ためされない,ためしたら,ためさなかったら,2459.0,引っ張る,ひっぱる
吹く,ふく,ふかない,ふいた,ふかなかった,ふきます,ふきません,ふきました,ふきません でした,ふける,ふけない,ふいて,ふかないで,ふけ,ふく な,ふこう,,ふけば,ふかなければ,ふかせる,ふかせない,ふいちゃう,,ふいちまう,,ふき,,ふきなさい,,ふかれる,ふかれない,ふいたら,ふかなかったら,2469.0,切れる,きれる
好む,このむ,このまない,このんだ,このまなかった,このみます,このみません,このみました,このみません でした,このめる,このめない,このんで,このまないで,このめ,このむ な,このもう,,このめば,このまなければ,このませる,このませない,このんじゃう,,このんじまう,,このみ,,このみなさい,,このまれる,このまれない,このんだら,このまなかったら,2474.0,陥る,おちいる
踊る,おどる,おどらない,おどった,おどらなかった,おどります,おどりません,おどりました,おどりません でした,おどれる,おどれない,おどって,おどらないで,おどれ,おどる な,おどろう,,おどれば,おどらなければ,おどらせる,おどらせない,おどっちゃう,,おどっちまう,,おどり,,おどりなさい,,おどられる,おどられない,おどったら,おどらなかったら,2486.0,数える,かぞえる
巻く,まく,まかない,まいた,まかなかった,まきます,まきません,まきました,まきません でした,まける,まけない,まいて,まかないで,まけ,まく な,まこう,,まけば,まかなければ,まかせる,まかせない,まいちゃう,,まいちまう,,まき,,まきなさい,,まかれる,まかれない,まいたら,まかなかったら,2498.0,隠れる,かくれる
積む,つむ,つまない,つんだ,つまなかった,つみます,つみません,つみました,つみません でした,つめる,つめない,つんで,つまないで,つめ,つむ な,つもう,,つめば,つまなければ,つませる,つませない,つんじゃう,,つんじまう,,つみ,,つみなさい,,つまれる,つまれない,つんだら,つまなかったら,2501.0,咲く,さく
増やす,ふやす,ふやさない,ふやした,ふやさなかった,ふやします,ふやしません,ふやしました,ふやしません でした,ふやせる,ふやせない,ふやして,ふやさないで,ふやせ,ふやす な,ふやそう,,ふやせば,ふやさなければ,ふやさせる,ふやさせない,ふやしちゃう,,ふやしちまう,,ふやし,,ふやしなさい,,ふやされる,ふやされない,ふやしたら,ふやさなかったら,2505.0,高まる,たかまる
やせる,やせる,やせない,やせた,やせなかった,やせます,やせません,やせました,やせません でした,やせられる,やせられない,やせて,やせないで,やせよ,やせる な,やせよう,,やせれば,やせなければ,やせさせる,やせさせない,やせちゃう,,やせちまう,,やせ,,やせなさい,,やせられる,やせられない,やせたら,やせなかったら,2529.0,備える,そなえる
飾る,かざる,かざらない,かざった,かざらなかった,かざります,かざりません,かざりました,かざりません でした,かざれる,かざれない,かざって,かざらないで,かざれ,かざる な,かざろう,,かざれば,かざらなければ,かざらせる,かざらせない,かざっちゃう,,かざっちまう,,かざり,,かざりなさい,,かざられる,かざられない,かざったら,かざらなかったら,2529.0,作り出す,つくりだす
飼う,かう,かわない,かった,かわなかった,かいます,かいません,かいました,かいません でした,かえる,かえない,かって,かわないで,かえ,かう な,かおう,,かえば,かわなければ,かわせる,かわせない,かっちゃう,,かっちまう,,かい,,かいなさい,,かわれる,かわれない,かったら,かわなかったら,2533.0,見出だす,みいだす
そろう,そろう,そろわない,そろった,そろわなかった,そろいます,そろいません,そろいました,そろいません でした,そろえる,そろえない,そろって,そろわないで,そろえ,そろう な,そろおう,,そろえば,そろわなければ,そろわせる,そろわせない,そろっちゃう,,そろっちまう,,そろい,,そろいなさい,,そろわれる,そろわれない,そろったら,そろわなかったら,2533.0,浮かべる,うかべる
かむ,かむ,かまない,かんだ,かまなかった,かみます,かみません,かみました,かみません でした,かめる,かめない,かんで,かまないで,かめ,かむ な,かもう,,かめば,かまなければ,かませる,かませない,かんじゃう,,かんじまう,,かみ,,かみなさい,,かまれる,かまれない,かんだら,かまなかったら,2537.0,申し上げる,もうしあげる
たまる,たまる,たまらない,たまった,たまらなかった,たまります,たまりません,たまりました,たまりません でした,たまれる,たまれない,たまって,たまらないで,たまれ,たまる な,たまろう,,たまれば,たまらなければ,たまらせる,たまらせない,たまっちゃう,,たまっちまう,,たまり,,たまりなさい,,たまられる,たまられない,たまったら,たまらなかったら,2542.0,寄る,よる
測る,はかる,はからない,はかった,はからなかった,はかります,はかりません,はかりました,はかりません でした,はかれる,はかれない,はかって,はからないで,はかれ,はかる な,はかろう,,はかれば,はからなければ,はからせる,はからせない,はかっちゃう,,はかっちまう,,はかり,,はかりなさい,,はかられる,はかられない,はかったら,はからなかったら,2542.0,味わう,あじわう
頼る,たよる,たよらない,たよった,たよらなかった,たよります,たよりません,たよりました,たよりません でした,たよれる,たよれない,たよって,たよらないで,たよれ,たよる な,たよろう,,たよれば,たよらなければ,たよらせる,たよらせない,たよっちゃう,,たよっちまう,,たより,,たよりなさい,,たよられる,たよられない,たよったら,たよらなかったら,2554.0,叱る,しかる
嫌う,きらう,きらわない,きらった,きらわなかった,きらいます,きらいません,きらいました,きらいません でした,きらえる,きらえない,きらって,きらわないで,きらえ,きらう な,きらおう,,きらえば,きらわなければ,きらわせる,きらわせない,きらっちゃう,,きらっちまう,,きらい,,きらいなさい,,きらわれる,きらわれない,きらったら,きらわなかったら,2558.0,辞める,やめる
治る,なおる,なおらない,なおった,なおらなかった,なおります,なおりません,なおりました,なおりません でした,なおれる,なおれない,なおって,なおらないで,なおれ,なおる な,なおろう,,なおれば,なおらなければ,なおらせる,なおらせない,なおっちゃう,,なおっちまう,,なおり,,なおりなさい,,なおられる,なおられない,なおったら,なおらなかったら,2567.0,整える,ととのえる
探る,さぐる,さぐらない,さぐった,さぐらなかった,さぐります,さぐりません,さぐりました,さぐりません でした,さぐれる,さぐれない,さぐって,さぐらないで,さぐれ,さぐる な,さぐろう,,さぐれば,さぐらなければ,さぐらせる,さぐらせない,さぐっちゃう,,さぐっちまう,,さぐり,,さぐりなさい,,さぐられる,さぐられない,さぐったら,さぐらなかったら,2588.0,増す,ます
満ちる,みちる,みちない,みちた,みちなかった,みちます,みちません,みちました,みちません でした,みちられる,みちられない,みちて,みちないで,みちよ,みちる な,みちよう,,みちれば,みちなければ,みちさせる,みちさせない,みちちゃう,,みちちまう,,みち,,みちなさい,,みちられる,みちられない,みちたら,みちなかったら,2594.0,震える,ふるえる
映る,うつる,うつらない,うつった,うつらなかった,うつります,うつりません,うつりました,うつりません でした,うつれる,うつれない,うつって,うつらないで,うつれ,うつる な,うつろう,,うつれば,うつらなければ,うつらせる,うつらせない,うつっちゃう,,うつっちまう,,うつり,,うつりなさい,,うつられる,うつられない,うつったら,うつらなかったら,2596.0,代わる,かわる
踏む,ふむ,ふまない,ふんだ,ふまなかった,ふみます,ふみません,ふみました,ふみません でした,ふめる,ふめない,ふんで,ふまないで,ふめ,ふむ な,ふもう,,ふめば,ふまなければ,ふませる,ふませない,ふんじゃう,,ふんじまう,,ふみ,,ふみなさい,,ふまれる,ふまれない,ふんだら,ふまなかったら,2601.0,辿る,たどる
つく,つく,つかない,ついた,つかなかった,つきます,つきません,つきました,つきません でした,つける,つけない,ついて,つかないで,つけ,つく な,つこう,,つけば,つかなければ,つかせる,つかせない,ついちゃう,,ついちまう,,つき,,つきなさい,,つかれる,つかれない,ついたら,つかなかったら,2604.0,試す,ためす
触る,さわる,さわらない,さわった,さわらなかった,さわります,さわりません,さわりました,さわりません でした,さわれる,さわれない,さわって,さわらないで,さわれ,さわる な,さわろう,,さわれば,さわらなければ,さわらせる,さわらせない,さわっちゃう,,さわっちまう,,さわり,,さわりなさい,,さわられる,さわられない,さわったら,さわらなかったら,2613.0,吹く,ふく
あう,あう,あわない,あった,あわなかった,あいます,あいません,あいました,あいません でした,あえる,あえない,あって,あわないで,あえ,あう な,あおう,,あえば,あわなければ,あわせる,あわせない,あっちゃう,,あっちまう,,あい,,あいなさい,,あわれる,あわれない,あったら,あわなかったら,2613.0,好む,このむ
たまる,たまる,たまらない,たまった,たまらなかった,たまります,たまりません,たまりました,たまりません でした,たまれる,たまれない,たまって,たまらないで,たまれ,たまる な,たまろう,,たまれば,たまらなければ,たまらせる,たまらせない,たまっちゃう,,たまっちまう,,たまり,,たまりなさい,,たまられる,たまられない,たまったら,たまらなかったら,2618.0,踊る,おどる
泊まる,とまる,とまらない,とまった,とまらなかった,とまります,とまりません,とまりました,とまりません でした,とまれる,とまれない,とまって,とまらないで,とまれ,とまる な,とまろう,,とまれば,とまらなければ,とまらせる,とまらせない,とまっちゃう,,とまっちまう,,とまり,,とまりなさい,,とまられる,とまられない,とまったら,とまらなかったら,2632.0,巻く,まく
混ぜる,まぜる,まぜない,まぜた,まぜなかった,まぜます,まぜません,まぜました,まぜません でした,まぜられる,まぜられない,まぜて,まぜないで,まぜよ,まぜる な,まぜよう,,まぜれば,まぜなければ,まぜさせる,まぜさせない,まぜちゃう,,まぜちまう,,まぜ,,まぜなさい,,まぜられる,まぜられない,まぜたら,まぜなかったら,2637.0,積む,つむ
飛び出す,とびだす,とびださない,とびだした,とびださなかった,とびだします,とびだしません,とびだしました,とびだしません でした,とびだせる,とびだせない,とびだして,とびださないで,とびだせ,とびだす な,とびだそう,,とびだせば,とびださなければ,とびださせる,とびださせない,とびだしちゃう,,とびだしちまう,,とびだし,,とびだしなさい,,とびだされる,とびだされない,とびだしたら,とびださなかったら,2640.0,増やす,ふやす
埋める,うめる,うめない,うめた,うめなかった,うめます,うめません,うめました,うめません でした,うめられる,うめられない,うめて,うめないで,うめよ,うめる な,うめよう,,うめれば,うめなければ,うめさせる,うめさせない,うめちゃう,,うめちまう,,うめ,,うめなさい,,うめられる,うめられない,うめたら,うめなかったら,2656.0,痩せる,やせる
ほめる,ほめる,ほめない,ほめた,ほめなかった,ほめます,ほめません,ほめました,ほめません でした,ほめられる,ほめられない,ほめて,ほめないで,ほめよ,ほめる な,ほめよう,,ほめれば,ほめなければ,ほめさせる,ほめさせない,ほめちゃう,,ほめちまう,,ほめ,,ほめなさい,,ほめられる,ほめられない,ほめたら,ほめなかったら,2675.0,飾る,かざる
収める,おさめる,おさめない,おさめた,おさめなかった,おさめます,おさめません,おさめました,おさめません でした,おさめられる,おさめられない,おさめて,おさめないで,おさめよ,おさめる な,おさめよう,,おさめれば,おさめなければ,おさめさせる,おさめさせない,おさめちゃう,,おさめちまう,,おさめ,,おさめなさい,,おさめられる,おさめられない,おさめたら,おさめなかったら,2676.0,飼う,かう
見上げる,みあげる,みあげない,みあげた,みあげなかった,みあげます,みあげません,みあげました,みあげません でした,みあげられる,みあげられない,みあげて,みあげないで,みあげよ,みあげる な,みあげよう,,みあげれば,みあげなければ,みあげさせる,みあげさせない,みあげちゃう,,みあげちまう,,みあげ,,みあげなさい,,みあげられる,みあげられない,みあげたら,みあげなかったら,2676.0,揃う,そろう
さらす,さらす,さらさない,さらした,さらさなかった,さらします,さらしません,さらしました,さらしません でした,さらせる,さらせない,さらして,さらさないで,さらせ,さらす な,さらそう,,さらせば,さらさなければ,さらさせる,さらさせない,さらしちゃう,,さらしちまう,,さらし,,さらしなさい,,さらされる,さらされない,さらしたら,さらさなかったら,2681.0,噛む,かむ
放つ,はなつ,はなたない,はなった,はなたなかった,はなちます,はなちません,はなちました,はなちません でした,はなてる,はなてない,はなって,はなたないで,はなて,はなつ な,はなとう,,はなてば,はなたなければ,はなたせる,はなたせない,はなっちゃう,,はなっちまう,,はなち,,はなちなさい,,はなたれる,はなたれない,はなったら,はなたなかったら,2689.0,堪る,たまる
勤める,つとめる,つとめない,つとめた,つとめなかった,つとめます,つとめません,つとめました,つとめません でした,つとめられる,つとめられない,つとめて,つとめないで,つとめよ,つとめる な,つとめよう,,つとめれば,つとめなければ,つとめさせる,つとめさせない,つとめちゃう,,つとめちまう,,つとめ,,つとめなさい,,つとめられる,つとめられない,つとめたら,つとめなかったら,2699.0,測る,はかる
解く,ほどく,ほどかない,ほどいた,ほどかなかった,ほどきます,ほどきません,ほどきました,ほどきません でした,ほどける,ほどけない,ほどいて,ほどかないで,ほどけ,ほどく な,ほどこう,,ほどけば,ほどかなければ,ほどかせる,ほどかせない,ほどいちゃう,,ほどいちまう,,ほどき,,ほどきなさい,,ほどかれる,ほどかれない,ほどいたら,ほどかなかったら,2707.0,頼る,たよる
浴びる,あびる,あびない,あびた,あびなかった,あびます,あびません,あびました,あびません でした,あびられる,あびられない,あびて,あびないで,あびよ,あびる な,あびよう,,あびれば,あびなければ,あびさせる,あびさせない,あびちゃう,,あびちまう,,あび,,あびなさい,,あびられる,あびられない,あびたら,あびなかったら,2730.0,嫌う,きらう
成り立つ,なりたつ,なりたたない,なりたった,なりたたなかった,なりたちます,なりたちません,なりたちました,なりたちません でした,なりたてる,なりたてない,なりたって,なりたたないで,なりたて,なりたつ な,なりたとう,,なりたてば,なりたたなければ,なりたたせる,なりたたせない,なりたっちゃう,,なりたっちまう,,なりたち,,なりたちなさい,,なりたたれる,なりたたれない,なりたったら,なりたたなかったら,2735.0,治る,なおる
ふく,ふく,ふかない,ふいた,ふかなかった,ふきます,ふきません,ふきました,ふきません でした,ふける,ふけない,ふいて,ふかないで,ふけ,ふく な,ふこう,,ふけば,ふかなければ,ふかせる,ふかせない,ふいちゃう,,ふいちまう,,ふき,,ふきなさい,,ふかれる,ふかれない,ふいたら,ふかなかったら,2740.0,探る,さぐる
漂う,ただよう,ただよわない,ただよった,ただよわなかった,ただよいます,ただよいません,ただよいました,ただよいません でした,ただよえる,ただよえない,ただよって,ただよわないで,ただよえ,ただよう な,ただよおう,,ただよえば,ただよわなければ,ただよわせる,ただよわせない,ただよっちゃう,,ただよっちまう,,ただよい,,ただよいなさい,,ただよわれる,ただよわれない,ただよったら,ただよわなかったら,2752.0,満ちる,みちる
苦しむ,くるしむ,くるしまない,くるしんだ,くるしまなかった,くるしみます,くるしみません,くるしみました,くるしみません でした,くるしめる,くるしめない,くるしんで,くるしまないで,くるしめ,くるしむ な,くるしもう,,くるしめば,くるしまなければ,くるしませる,くるしませない,くるしんじゃう,,くるしんじまう,,くるしみ,,くるしみなさい,,くるしまれる,くるしまれない,くるしんだら,くるしまなかったら,2754.0,映る,うつる
犯す,おかす,おかさない,おかした,おかさなかった,おかします,おかしません,おかしました,おかしません でした,おかせる,おかせない,おかして,おかさないで,おかせ,おかす な,おかそう,,おかせば,おかさなければ,おかさせる,おかさせない,おかしちゃう,,おかしちまう,,おかし,,おかしなさい,,おかされる,おかされない,おかしたら,おかさなかったら,2755.0,踏む,ふむ
築く,きずく,きずかない,きずいた,きずかなかった,きずきます,きずきません,きずきました,きずきません でした,きずける,きずけない,きずいて,きずかないで,きずけ,きずく な,きずこう,,きずけば,きずかなければ,きずかせる,きずかせない,きずいちゃう,,きずいちまう,,きずき,,きずきなさい,,きずかれる,きずかれない,きずいたら,きずかなかったら,2758.0,突く,つく
結びつく,むすびつく,むすびつかない,むすびついた,むすびつかなかった,むすびつきます,むすびつきません,むすびつきました,むすびつきません でした,むすびつける,むすびつけない,むすびついて,むすびつかないで,むすびつけ,むすびつく な,むすびつこう,,むすびつけば,むすびつかなければ,むすびつかせる,むすびつかせない,むすびついちゃう,,むすびついちまう,,むすびつき,,むすびつきなさい,,むすびつかれる,むすびつかれない,むすびついたら,むすびつかなかったら,2764.0,触る,さわる
交わす,かわす,かわさない,かわした,かわさなかった,かわします,かわしません,かわしました,かわしません でした,かわせる,かわせない,かわして,かわさないで,かわせ,かわす な,かわそう,,かわせば,かわさなければ,かわさせる,かわさせない,かわしちゃう,,かわしちまう,,かわし,,かわしなさい,,かわされる,かわされない,かわしたら,かわさなかったら,2775.0,遭う,あう
話し合う,はなしあう,はなしあわない,はなしあった,はなしあわなかった,はなしあいます,はなしあいません,はなしあいました,はなしあいません でした,はなしあえる,はなしあえない,はなしあって,はなしあわないで,はなしあえ,はなしあう な,はなしあおう,,はなしあえば,はなしあわなければ,はなしあわせる,はなしあわせない,はなしあっちゃう,,はなしあっちまう,,はなしあい,,はなしあいなさい,,はなしあわれる,はなしあわれない,はなしあったら,はなしあわなかったら,2784.0,溜まる,たまる
担う,になう,になわない,になった,になわなかった,にないます,にないません,にないました,にないません でした,になえる,になえない,になって,になわないで,になえ,になう な,になおう,,になえば,になわなければ,になわせる,になわせない,になっちゃう,,になっちまう,,にない,,にないなさい,,になわれる,になわれない,になったら,になわなかったら,2790.0,泊まる,とまる
導く,みちびく,みちびかない,みちびいた,みちびかなかった,みちびきます,みちびきません,みちびきました,みちびきません でした,みちびける,みちびけない,みちびいて,みちびかないで,みちびけ,みちびく な,みちびこう,,みちびけば,みちびかなければ,みちびかせる,みちびかせない,みちびいちゃう,,みちびいちまう,,みちびき,,みちびきなさい,,みちびかれる,みちびかれない,みちびいたら,みちびかなかったら,2801.0,交ぜる,まぜる
なくす,なくす,なくさない,なくした,なくさなかった,なくします,なくしません,なくしました,なくしません でした,なくせる,なくせない,なくして,なくさないで,なくせ,なくす な,なくそう,,なくせば,なくさなければ,なくさせる,なくさせない,なくしちゃう,,なくしちまう,,なくし,,なくしなさい,,なくされる,なくされない,なくしたら,なくさなかったら,2805.0,飛び出す,とびだす
引き受ける,ひきうける,ひきうけない,ひきうけた,ひきうけなかった,ひきうけます,ひきうけません,ひきうけました,ひきうけません でした,ひきうけられる,ひきうけられない,ひきうけて,ひきうけないで,ひきうけよ,ひきうける な,ひきうけよう,,ひきうければ,ひきうけなければ,ひきうけさせる,ひきうけさせない,ひきうけちゃう,,ひきうけちまう,,ひきうけ,,ひきうけなさい,,ひきうけられる,ひきうけられない,ひきうけたら,ひきうけなかったら,2816.0,埋める,うめる
次ぐ,つぐ,つがない,ついだ,つがなかった,つぎます,つぎません,つぎました,つぎません でした,つげる,つげない,ついで,つがないで,つげ,つぐ な,つごう,,つげば,つがなければ,つがせる,つがせない,ついじゃう,,ついじまう,,つぎ,,つぎなさい,,つがれる,つがれない,ついだら,つがなかったら,2822.0,褒める,ほめる
壊れる,こわれる,こわれない,こわれた,こわれなかった,こわれます,こわれません,こわれました,こわれません でした,こわれられる,こわれられない,こわれて,こわれないで,こわれよ,こわれる な,こわれよう,,こわれれば,こわれなければ,こわれさせる,こわれさせない,こわれちゃう,,こわれちまう,,こわれ,,こわれなさい,,こわれられる,こわれられない,こわれたら,こわれなかったら,2827.0,収める,おさめる
放る,ひる,ひらない,ひった,ひらなかった,ひります,ひりません,ひりました,ひりません でした,ひれる,ひれない,ひって,ひらないで,ひれ,ひる な,ひろう,,ひれば,ひらなければ,ひらせる,ひらせない,ひっちゃう,,ひっちまう,,ひり,,ひりなさい,,ひられる,ひられない,ひったら,ひらなかったら,2843.0,見上げる,みあげる
敷く,しく,しかない,しいた,しかなかった,しきます,しきません,しきました,しきません でした,しける,しけない,しいて,しかないで,しけ,しく な,しこう,,しけば,しかなければ,しかせる,しかせない,しいちゃう,,しいちまう,,しき,,しきなさい,,しかれる,しかれない,しいたら,しかなかったら,2858.0,晒す,さらす
差し出す,さしだす,さしださない,さしだした,さしださなかった,さしだします,さしだしません,さしだしました,さしだしません でした,さしだせる,さしだせない,さしだして,さしださないで,さしだせ,さしだす な,さしだそう,,さしだせば,さしださなければ,さしださせる,さしださせない,さしだしちゃう,,さしだしちまう,,さしだし,,さしだしなさい,,さしだされる,さしだされない,さしだしたら,さしださなかったら,2863.0,放つ,はなつ
受け止める,うけとめる,うけとめない,うけとめた,うけとめなかった,うけとめます,うけとめません,うけとめました,うけとめません でした,うけとめられる,うけとめられない,うけとめて,うけとめないで,うけとめよ,うけとめる な,うけとめよう,,うけとめれば,うけとめなければ,うけとめさせる,うけとめさせない,うけとめちゃう,,うけとめちまう,,うけとめ,,うけとめなさい,,うけとめられる,うけとめられない,うけとめたら,うけとめなかったら,2873.0,勤める,つとめる
下す,おろす,おろさない,おろした,おろさなかった,おろします,おろしません,おろしました,おろしません でした,おろせる,おろせない,おろして,おろさないで,おろせ,おろす な,おろそう,,おろせば,おろさなければ,おろさせる,おろさせない,おろしちゃう,,おろしちまう,,おろし,,おろしなさい,,おろされる,おろされない,おろしたら,おろさなかったら,2875.0,解く,とく
試みる,こころみる,こころみない,こころみた,こころみなかった,こころみます,こころみません,こころみました,こころみません でした,こころみられる,こころみられない,こころみて,こころみないで,こころみよ,こころみる な,こころみよう,,こころみれば,こころみなければ,こころみさせる,こころみさせない,こころみちゃう,,こころみちまう,,こころみ,,こころみなさい,,こころみられる,こころみられない,こころみたら,こころみなかったら,2877.0,浴びる,あびる
載せる,のせる,のせない,のせた,のせなかった,のせます,のせません,のせました,のせません でした,のせられる,のせられない,のせて,のせないで,のせよ,のせる な,のせよう,,のせれば,のせなければ,のせさせる,のせさせない,のせちゃう,,のせちまう,,のせ,,のせなさい,,のせられる,のせられない,のせたら,のせなかったら,2880.0,成り立つ,なりたつ
